id,sen,nums
1,Our results indicate that the injection of corticosteroids to patients with shoulder pain due to soft tissue disorders under the USG-guidance may improve therapeutic effectiveness and reduce adverse effects.,1
2,"For a given anesthesia condition, the Mogen clamp is associated with a less painful procedure than the Gomco.",1
3,No statistical difference was found in the efficacy of citalopram and risperidone for the treatment of either agitation or psychotic symptoms in patients with dementia.,1
4,These findings need to be replicated before citalopram or other serotonergic antidepressants can be recommended as alternatives to antipsychotics for the treatment of agitation or psychotic symptoms associated with dementia.,0
5,We conclude that losartan alone or in combination with HCTZ was generally well tolerated and effective in the treatment of elevated systolic and diastolic BP in obese patients with hypertension.,0
6,"There is a real, immediate improvement in breastfeeding, detectable by the mother, which is sustained and does not appear to be due to a placebo effect.",0
7,"In an unselected birth cohort, more than one in four children had wheezing that persisted from childhood to adulthood or that relapsed after remission.",0
8,"The factors predicting persistence or relapse were sensitization to house dust mites, airway hyperresponsiveness, female sex, smoking, and early age at onset.",1
9,"These findings, together with persistently low lung function, suggest that outcomes in adult asthma may be determined primarily in early childhood.",1
10,"This study was a negative study, though there was a suggestion of benefit of methylprednisolone acetate in a population of young adults with acute radicular low back pain.",1
11,"Among patients at high risk for cardiovascular events but without diabetes, targeting a systolic blood pressure of less than 120 mm Hg, as compared with less than 140 mm Hg, resulted in lower rates of fatal and nonfatal major cardiovascular events and death from any cause, although significantly higher rates of some adverse events were observed in the intensive-treatment group.",0
12,"US guidance significantly improves the accuracy of joint injection, allowing a trainee to rapidly achieve higher accuracy than more experienced rheumatologists.",0
13,The procedure of a delayed cord clamping time of at least 30 s is safe to use and does not compromise the preterm infant in the initial post-partum adaptation phase.,0
14,"Our results suggest that ""medical expulsive therapy,"" using either alpha-antagonists or calcium channel blockers, augments the stone expulsion rate compared to standard therapy for moderately sized distal ureteral stones.",0
15,This systematic review aims to evaluate the benefit and side effect of Xuezhikang for coronary heart disease (CHD) complicated by dyslipidemia.,1
16,All randomized clinical trials (RCTs) with Xuezhikang as a treatment for CHD combined with dyslipidemia were considered for inclusion.,0
17,Data extraction and analyses and quality assessment were conducted according to the Cochrane standards.,1
18,"Xuezhikang showed significant benefit on the incidence of all-cause deaths, CHD deaths, myocardial infarction, and revascularization as compared with placebo based on conventional treatment for CHD.",0
19,"It remarkably lowered total cholesterol (TC), triglyceride (TG), and low-density lipoprotein-cholesterol (LDL-C) as compared with the placebo or inositol nicotinate group, which was similar to statins group.",0
20,"Xuezhikang also raised high-density lipoprotein cholesterol (HDL-C) compared to placebo or no intervention, which was similar to Inositol nicotinate and slightly inferior to statins.",0
21,Xuezhikang showed a comprehensive lipid-regulating effect and was safe and effective in reducing cardiovascular events in CHD patients complicated by dyslipidemia.,0
22,"Bimanual pelvic examination has marked limitations for evaluating adnexa, even with ideal circumstances.",1
23,"Patient characteristics such as obesity, uterine size, and abdominal scars limit the accurate palpation of the adnexa.",1
24,"Nitrofurantoin is actively transported into human milk, achieving concentrations in milk greatly exceeding those in serum.",1
25,"Concern is warranted for suckling infants younger than 1 month old, or for infants with a high frequency of glucose-6-phosphate dehydrogenase deficiency or sensitivity to nitrofurantoin.",0
26,We found insufficient evidence to determine whether acupuncture is effective for controlling menopausal vasomotor symptoms.,0
27,"When we compared acupuncture with sham acupuncture, there was no evidence of a significant difference in their effect on menopausal vasomotor symptoms.",0
28,"When we compared acupuncture with no treatment there appeared to be a benefit from acupuncture, but acupuncture appeared to be less effective than HT.",0
29,These findings should be treated with great caution as the evidence was low or very low quality and the studies comparing acupuncture versus no treatment or HT were not controlled with sham acupuncture or placebo HT.,1
30,"Childhood ADHD predicts specific adult psychiatric disorders, namely antisocial and drug abuse disorders.",1
31,"In the adolescent outcome of this cohort, we found that these disturbances were dependent on the continuation of ADHD symptoms.",1
32,"In contrast, in adulthood, antisocial and drug disorders appeared, in part, independent of sustained ADHD.",0
33,"In addition, regardless of psychiatric status, ADHD placed children at relative risk for educational and vocational disadvantage.",0
34,The results do not support a relationship between childhood ADHD and adult mood or anxiety disorders.,0
35,Drugs commonly used to treat PCOS appear to be associated with very low risk of severe adverse effects although data are extrapolated from other populations.,0
36,Patients subjectively reported significantly greater relief from symptoms with Debacterol than with Kenalog-in-Orabase or no treatment.,1
37,"The relief of symptoms associated with recurrent aphthous stomatitis may or may not correspond to clinical improvement, and these two topical medications may affect signs and symptoms of the lesions differently.",1
38,"On the basis of these and other findings on pain prevention and amelioration, we recommend that a local anesthetic be administered in advance of circumcision and that the Mogen procedure be used, unless contraindicated.",2
39,"We also recommend that infants be given a sweetened pacifier before, during, and after circumcision if the Gomco method is used.",0
40,A more active approach to the diagnosis and management of precursor lesions may often prevent the development of vulvar cancer.,0
41,Ankyloglossia is a relatively common finding in the newborn population and represents a significant proportion of breastfeeding problems.,0
42,"Careful assessment of the lingual function, followed by frenuloplasty when indicated, seems to be a successful approach to the facilitation of breastfeeding in the presence of significant ankyloglossia.",0
43,"Ankyloglossia, which is a relatively common finding in the newborn population, adversely affects breastfeeding in selected infants.",1
44,Neither an antibiotic nor a topical steroid alone or in combination was effective as a treatment for acute sinusitis in the primary care setting.,0
45,Currently there are relatively few studies of antidepressants for the treatment of agitation and psychosis in dementia.,2
46,The SSRIs sertraline and citalopram were associated with a reduction in symptoms of agitation when compared to placebo in two studies.,0
47,"Both SSRIs and trazodone appear to be tolerated reasonably well when compared to placebo, typical antipsychotics and atypical antipsychotics.",0
48,"Future studies involving more subjects are required to determine if SSRIs, trazodone, or other antidepressants are safe and effective treatments for agitation and psychosis in dementia.",0
49,Evidence suggests that the mode of action of bupropion and nortriptyline is independent of their antidepressant effect and that they are of similar efficacy to nicotine replacement.,0
50,"Evidence also suggests that bupropion is less effective than varenicline, but further research is needed to confirm this finding.",1
51,Atypical antipsychotic use is associated with an increased risk for death compared with nonuse among older adults with dementia.,2
52,The risk for death may be greater with conventional antipsychotics than with atypical antipsychotics.,2
53,"There is no consistent evidence that anxiolytics aid smoking cessation, but the available evidence does not rule out a possible effect.",0
54,"In this systematic review we present information relating to the effectiveness and safety of the following interventions: analgesics (local), carbenoxolone mouthwash, chlorhexidine (and similar agents), corticosteroids (topical), and tetracycline antibiotic mouthwash.",0
55,"Most patients will get better without antibiotics, supporting the current ""no antibiotic as first line"" advice.",0
56,"The SFA Scale is a reliable, valid, and accurate measure of shoulder function in patients with RA that can be completed within 3 minutes.",0
57,"We meta-analyzed more and newer research results, and separated women according to menopausal status to explore soy isoflavone-breast cancer association.",1
58,We founded that soy isoflavone intake could lower the risk of breast cancer for both pre- and post-menopausal women in Asian countries.,2
59,"However, for women in Western countries, pre- or post-menopausal, there is no evidence to suggest an association between intake of soy isoflavone and breast cancer.",0
60,The majority of infants with wheezing have transient conditions associated with diminished airway function at birth and do not have increased risks of asthma or allergies later in life.,0
61,"In a substantial minority of infants, however, wheezing episodes are probably related to a predisposition to asthma.",0
62,One week of continuous auricular acupuncture decreases the pain and disability experienced by women with pregnancy-related low back and posterior pelvic pain.,0
63,"Based on these findings and those of prior studies, once-daily AzA 15% gel can therefore be utilized as a safe, effective, and economical dosing option for the treatment of mild-to-moderate papulopustular rosacea.",0
64,Once-daily dosing of AzA 15% gel was well accepted by patients and can offer considerable dosing flexibility and convenience for the patient as well as for the dermatologist.,1
65,"These bioflavonoids improve early outcomes in cadaveric renal transplantation, possibly through HO-1 induction.",2
66,"It can thus be concluded that in the management of rosacea, basic skin care regimens, including daily use of a therapeutic moisturizer, offer optimal benefits.",1
67,"The CDP was a randomized, placebo-controlled clinical trial of lipid-modifying agents in men with previous myocardial infarction (MI).",0
68,"Of the 5 drug regimens, only niacin significantly decreased definite recurrent nonfatal MI at 6 years and total mortality at a 15-year follow-up.",0
69,"Patients treated with niacin (n = 1,119) and placebo (n = 2,787) were grouped according to the presence or absence of the MS at baseline.",0
70,"The MS was defined on the basis of meeting > or =3 of 5 criteria from the current National Cholesterol Education Program guidelines in a small subgroup of patients with high-density lipoprotein cholesterol determinations at baseline and on the basis of > or =3 of 4 criteria in the total population, excluding the high-density lipoprotein cholesterol criterion.",0
71,"Niacin decreased the occurrence of 6-year MI and 15-year total mortality similarly among patients with or without the MS. For example, in the total population, 15-year total mortality rates were 60% and 64% (hazard ratio 0.86) in patients with the MS treated with niacin and placebo, respectively, and 50% and 57% (hazard ratio 0.86) in those without the MS (Z for interaction = 0.06, indicating homogeneity of the treatment effect across groups).",1
72,"In conclusion, these results support the use of niacin in postinfarction patients with and without the MS.",2
73,"This study demonstrates that, when used in conjunction with DPNB, a pacifier dipped in 24% sucrose and a more comfortable, padded, and physiologic restraint can be useful in decreasing distress and pain.",1
74,"The uncertain quality of identified trials highlights the need for improved reporting of study methods, particularly with regards to allocation concealment and the handling of incomplete outcome data.",0
75,"The effect of black cohosh on other important outcomes, such as health-related quality of life, sexuality, bone health, night sweats and cost-effectiveness also warrants further investigation.",0
76,"At the present time, evidence from randomized trials does not support blood pressure targets lower than the standard targets in people with elevated blood pressure and diabetes.",0
77,"More randomized controlled trials are needed, with future trials reporting total mortality, total serious adverse events as well as cardiovascular and renal events.",0
78,"Lower was better, although not consistently so for myocardial infarction, stroke, heart failure and perhaps angina.",1
79,"However, problems with standardization and safety concerns may limit their applicability in clinical practice.",1
80,"Whole-grain intake, largely attributed to the cereal fiber, is inversely associated with HOMA-IR and a lower prevalence of the metabolic syndrome.",0
81,Dietary glycemic index is positively associated with HOMA-IR and prevalence of the metabolic syndrome.,0
82,"Given that both a high cereal fiber content and lower glycemic index are attributes of whole-grain foods, recommendation to increase whole-grain intake may reduce the risk of developing the metabolic syndrome.",0
83,"The results of this study demonstrate that intake of 1, 3, or 6 g of cinnamon per day reduces serum glucose, triglyceride, LDL cholesterol, and total cholesterol in people with type 2 diabetes and suggest that the inclusion of cinnamon in the diet of people with type 2 diabetes will reduce risk factors associated with diabetes and cardiovascular diseases.",0
84,Use of cinnamon showed a beneficial effect on glycaemic control (both HbA1c and FPG) and the short term (<4 months) effects of the use of cinnamon on glycaemic control looks promising.,0
85,A brief intervention to increase the dialogue between patients and health care providers about behavioral goals can lead to increased physical activity and weight loss.,1
86,"The combined therapy of TFGs with sulfonylureas hypoglycemic drug could lower the blood glucose level and ameliorate clinical symptoms in the treatment of T2DM, and the therapy was relatively safe.",1
87,"Colchicine prophylaxis during initiation of allopurinol for chronic gouty arthritis reduces the frequency and severity of acute flares, and reduces the likelihood of recurrent flares.",1
88,Treating patients with colchicine during initiation of allopurinol therapy for 6 months is supported by our data.,0
89,Blood pressure reduction from combining drugs from these 4 classes can be predicted on the basis of additive effects.,1
90,The extra blood pressure reduction from combining drugs from 2 different classes is approximately 5 times greater than doubling the dose of 1 drug.,0
91,The combination of curcumin and quercetin appears to reduce the number and size of ileal and rectal adenomas in patients with FAP without appreciable toxicity.,0
92,Both prednisolone 1 mg/kg and low-dose dexamethasone (0.15 mg/kg) were found not to differ in efficacy from the currently recommended 0.6 mg/kg dexamethasone.,1
93,The use of these corticosteroid regimens in treating patients with mild to moderate croup is thus supported.,1
94,The main overall finding from this study is that saffron may be of therapeutic benefit in the treatment of mild to moderate depression.,0
95,To the best of our knowledge this is the first clinical trial that supports this indication for saffron.,0
96,"Supplementation with vitamin D can be achieved equally well with daily, weekly, or monthly dosing frequencies.",1
97,"Therefore, the choice of dose frequency can be based on whichever approach will optimize an individual's adherence with long-term vitamin D supplementation.",0
98,This study indicates that azithromycin is at least as effective as doxycycline in the treatment of rosacea.,0
99,It is our recommendation that an anesthetic should be administered to newborns prior to undergoing circumcision.,1
100,"Behavioral therapy resulted in greater patient satisfaction and fewer bothersome incontinence symptoms than pessary at 3 months, but differences did not persist to 12 months.",1
101,"The electron beam CT coronary calcium score predicts CAD events independent of standard risk factors, more accurately than standard risk factors and CRP, and refines Framingham risk stratification.",0
102,"Those who are female, diabetic and have neurophysiological confirmation of diagnosis have the highest risk of relapse.",0
103,"Corticosteroids provide symptomatic relief of pain in sore throat, in addition to antibiotic therapy, mainly in participants with severe or exudative sore throat.",1
104,"There are a myriad of disorders and maladies that seem to benefit from fatty acid supplementation, specifically omega-3 fatty acids.",0
105,"It has clearly been shown that omega-3 fatty acid supplementation provides a protective benefit in heart disease, and in particular sudden cardiac death.",0
106,"Rheumatoid arthritis (RA) is another disease entity that has been proven to benefit from this nutrition intervention, with improvement in symptoms and diminished nonsteroidal antiinflammatory drug (NSAID) usage.",1
107,"In addition, many psychiatric disorders, particularly schizophrenia and major depressive disorder (MDD), have shown positive results when supplementation has been used as an adjunct to standard pharmacotherapy.",1
108,"Specifically, according to preliminary clinical evidence, parenteral administration of fatty acids warrants further study.",0
109,"A predictive nomogram, which incorporates six variables easily ascertainable at the first prenatal visit, has been developed that allows the determination of a patient-specific chance for successful VBAC for those women who undertake trial of labor.",0
110,"All smokers, irrespective of their lung function, tried to modify their habit as the result of screening for COPD combined with smoking cessation advice.",1
111,"Older age, lower tobacco exposure, and lower lung function were the predictors of success in quitting smoking.",0
112,DDS had inverse association with metabolic syndrome and some of its features in this cross-sectional study.,0
113,"A higher dietary diversity, therefore, might be associated with lower possibility of having some metabolic disorders.",1
114,"Significant associations exist between dietary patterns identified by factor analysis, the metabolic syndrome, and insulin resistance.",1
115,The evidence implies promise of a treatment effect of omega-3 fatty acids for depression in adults; although a statement of definitive clinical efficacy is premature.,0
116,"Further study of essential fatty acids as independent and adjuvant therapy for adult depression is indicated, including more sophisticated investigation of dose-response in particular populations.",0
117,High levels of parental smoking in the home are associated with a reduction in health care contacts for asthma.,1
118,This could be due to a lack of awareness of asthma symptoms among heavy smokers or a reluctance to visit the GP.,0
119,Sonographic needle guidance significantly improves the performance and outcomes of outpatient IA injections in a clinically significant manner.,0
120,"Sports activity in adolescents and young adults was associated with an increased risk of SD, both in males and females.",1
121,"Sports, per se, was not a cause of the enhanced mortality, but it triggered SD in those athletes who were affected by cardiovascular conditions predisposing to life-threatening ventricular arrhythmias during physical exercise.",1
122,"An ulcer area larger than 2 cm2, a positive probe-to-bone test result, an erythrocyte sedimentation rate of more than 70 mm/h, and an abnormal plain radiograph result are helpful in diagnosing the presence of lower extremity osteomyelitis in patients with diabetes.",0
123,"Several individual clinical features were found to be associated with a significant intracranial abnormality, and patients with these features should undergo neuroimaging.",0
124,"US-guided arthrocentesis and injection of the knee are superior to anatomic landmark palpation-guided arthrocentesis, resulting in significantly less procedural pain, improved arthrocentesis success, greater synovial fluid yield, more complete joint decompression, and improved clinical outcomes.",1
125,"In overweight/obese adolescents with PCOS, 6 months treatment with rosiglitazone was superior to drospirenone/EE in improving the cardiometabolic risk profile, and effective but inferior in attenuating hyperandrogenemia.",0
126,Additional studies are needed to test insulin sensitizers in the treatment of the reproductive and cardiometabolic aspects of PCOS.,0
127,"Our results demonstrate that drug-induced suppression of PhK activity is associated with resolution of psoriatic activity as assessed by clinical, histological and immunohistochemical criteria, and support the hypothesis that effective antipsoriatic activity may be achieved through modulation of PhK activity.",1
128,"Intensive statin therapy early after ACS leads to a reduction in clinical events at 30 days, consistent with greater early pleiotropic effects.",1
129,"In stable patients, intensive statin therapy provides long-term reduction in clinical events when compared with standard therapy.",0
130,"Thus, ACS patients should be started in-hospital and continued long-term on intensive statin therapy.",0
131,"The diagnostic performance of sensitive cardiac troponin assays is excellent, and these assays can substantially improve the early diagnosis of acute myocardial infarction, particularly in patients with a recent onset of chest pain.",0
132,"Asthmatic heredity, predisposition to early life atopy, plus early passive smoke exposure and recurrent chest infections are important influences for the occurrence of wheeze and asthma at 10 years of age.",0
133,"BHR at 10 years of age has a narrower risk profile, suggesting that factors influencing wheezing symptom expression may differ from those predisposing the patient to BHR.",0
134,The present study suggests that childhood ADHD predisposes to specific disadvantages and continues to affect important functional domains unrelated to current psychiatric diagnosis.,1
135,These findings indicate that ADHD is associated with significant educational and occupational underattainments relative to what would have been expected on the basis of intellectual potential.,1
136,This analysis is consistent with prior reports showing that ACE inhibitors decrease the risk of death following a recent MI by reducing cardiovascular mortality.,0
137,"Moreover, this analysis suggests that a reduction in SCD risk with ACE inhibitors is an important component of this survival benefit.",0
138,"In women, cholecystectomy leads to the perception of less constipation and slightly more frequent defecations but short term recordings show no consistent change in bowel function.",0
139,No significant effect of chromium on lipid or glucose metabolism was found in people without diabetes.,0
140,"However, future studies that address the limitations in the current evidence are needed before definitive claims can be made about the effect of chromium supplementation.",0
141,"The percentage of oxalate that was water soluble differed markedly between cinnamon (6%) and turmeric (91%), which appeared to be the primary cause of the greater urinary oxalate excretion/oxalate absorption from turmeric.",0
142,"The consumption of supplemental doses of turmeric, but not cinnamon, can significantly increase urinary oxalate levels, thereby increasing risk of kidney stone formation in susceptible individuals.",1
143,Children with behavioural/emotional problems who wet their beds need not first be treated for their behavioural/emotional problems.,0
144,"Bedwetting can be treated successfully with DBT when other treatments such as normal alarm treatment have failed, and alarm treatment/DBT can have a positive influence on behavioural/emotional problems.",0
145,Our data have shown that budesonide inhaled regularly for 9 months did not cause a significant improvement in the BHR of adolescents with long-term asthma remission.,0
146,This suggests that the mechanism underlying BHR in this clinical setting may be different from that in symptomatic asthma.,1
147,"Before treatment, exercise systolic BP was 213 +/- 13 mm Hg (mean +/- SD) in the 19 patients randomized to losartan and 209 +/- 11 mm Hg in the 21 patients who received HCTZ.",0
148,"After 6 months, exercise systolic BP was similarly reduced in patients who received losartan (197 +/- 23 mm Hg, p < 0.01) and HCTZ (191 +/- 11 mm Hg, p < 0.01).",0
149,"With losartan, treadmill exercise time increased from 894 +/- 216 to 951 +/- 225 seconds (p = 0.011), and quality of life improved from 15 +/- 12 to 7 +/- 10 (p = 0.015) without a change in oxygen consumption (1,895 +/- 470 to 1,954 +/- 539 ml/min, p = 0.30).",1
150,"With HCTZ, exercise time (842 +/- 225 to 872 +/- 239 seconds, p = 0.32) and quality of life (19 +/- 21 vs 19 +/- 24, p = 0.43) did not change, whereas oxygen consumption decreased from 2,144 +/- 788 to 1,960 +/- 706 ml/min (p = 0.022).",0
151,"In conclusion, in patients with diastolic dysfunction and hypertensive responses to exercise, 6 months of losartan and HCTZ blunted systolic BP during exercise.",0
152,A moderate reduction in caffeine intake in the second half of pregnancy has no effect on birth weight or length of gestation.,0
153,"Telling smokers their lung age significantly improves the likelihood of them quitting smoking, but the mechanism by which this intervention achieves its effect is unclear.",1
154,This review found support for the use of systemic acyclovir and valacyclovir for the prevention of RHL.,0
155,There is insufficient scientific evidence to conclude that wearing maternity support belts reduces pregnancy-related low back pain and/or pelvic girdle pain.,0
156,RELEVANCE TO CLINICAL PRACTICE: This review provides comprehensive understanding of the effectiveness of maternity support belts for the relief of low back pain during pregnancy which will facilitate healthcare professionals in providing evidence-based advice to their patients.,1
157,"Low impact aerobic exercise gradually increasing in intensity, duration and frequency may be an effective strategy in reducing fatigue in some adults with chronic auto-immune conditions.",1
158,"However, fatigue is a variable and personal experience and a range of behavioural interventions may be required.",0
159,Well-designed studies testing these promising strategies and consensus on outcome fatigue measures are needed.,0
160,The two treatments applied had similar effectiveness as they both relieved pain and reduced the size of recurrent aphthous ulcers.,1
161,The cinnamon extract seems to have a moderate effect in reducing fasting plasma glucose concentrations in diabetic patients with poor glycaemic control.,0
162,The systemic lupus erythematosus self-management course had effects in reducing fatigue and depression and improving coping skills and self-efficacy.,0
163,The antiplatelet agent clopidogrel has beneficial effects in patients with acute coronary syndromes without ST-segment elevation.,1
164,"Over 18 months, persons with prehypertension and stage 1 hypertension can sustain multiple lifestyle modifications that improve control of blood pressure and could reduce the risk for chronic disease.",1
165,"The trial does not indicate an effect of daily 200 mg oral DHEA on fatigue and well-being, and therefore DHEA treatment is not recommended in unselected female patients with quiescent SLE.",0
166,"At all doses studied, febuxostat more effectively lowered and maintained serum urate levels <6.0 mg/dl than did allopurinol (300 or 100 mg) or placebo in subjects with hyperuricemia and gout, including those with mild to moderately impaired renal function.",0
167,"When incorporated into a habitual diet, consumption of test foods with a decreased GL does not ameliorate metabolic risk markers in overweight subjects.",1
168,Trial evidence that examines the effects of n-3 PUFAs on depressed mood is limited and is difficult to summarize and evaluate because of considerable heterogeneity.,1
169,"Twice-daily SD doxycycline treatment significantly reduced the number of inflammatory and noninflammatory lesions in patients with moderate facial acne, was well tolerated, had no detectable antimicrobial effect on the skin flora, and did not result in any increase in the number or severity of resistant organisms.",0
170,The present analysis provides an estimate of the average treatment effects of testosterone therapy in middle-aged men.,0
171,"Our findings are sufficiently strong to justify further interventional studies focused on alternative targets of androgenic treatment carrying more stringent clinical implications, in particular the cardiovascular, metabolic and neurological systems.",1
172,Ibuprofen is as or more efficacious than acetaminophen for the treatment of pain and fever in adult and pediatric populations and is equally safe.,1
173,This controlled study showed significant short-term efficacy of carbamazepine for agitation with generally good safety and tolerability.,0
174,"Among patients with chronic gout, elevated serum uric acid level, and allopurinol intolerance or refractoriness, the use of pegloticase 8 mg either every 2 weeks or every 4 weeks for 6 months resulted in lower uric acid levels compared with placebo.",1
175,Oral dexamethasone in a dose of 0.15 mg/kg is effective in reducing return to medical care with ongoing croup in children with mild croup.,0
176,Dilute alcohol injection is a safe and effective treatment option for patients with Morton's neuroma who want to avoid a surgical procedure and any associated complications.,0
177,This study confirms the beneficial effects of Caiapo on plasma glucose as well as cholesterol levels in patients with type 2 diabetes.,0
178,"For the first time, the long-term efficacy of Caiapo on glucose control was demonstrated by the observed decrease in HbA(1c).",1
179,"We demonstrated immediate improvement in nipple-pain and breastfeeding scores, despite a placebo effect on nipple pain.",1
180,This should provide convincing evidence for those seeking a frenotomy for infants with signficant ankyloglossia.,0
181,"Quadrivalent HPV vaccine prevents infection with HPV-6, 11, 16, and 18 and the development of related external genital lesions in males 16 to 26 years of age.",1
182,Elevated troponin level after acute stroke is common and is associated with ECG changes suggestive of myocardial ischemia and increased risk of death.,0
183,Administration of fluoroquinolones emerged as the most important risk factor for CDAD in Quebec during an epidemic caused by a hypervirulent strain of C. difficile.,0
184,Estrogen replacement therapy in doses used to control climacteric symptoms does not alter the incidence or intensity of nocturnal periodic limb movements.,0
185,Evidence was insufficient to show whether exercise is an effective treatment for vasomotor menopausal symptoms.,2
186,Evidence was insufficient to show the relative effectiveness of exercise when compared with HT or yoga.,0
187,"The temporal distribution of PLMs, as well as the coupling of PLMs with the phase position of circadian temperature curve, suggest an involvement of the circadian timing system in the pathophysiology of PLMD.",0
188,Locomotor activity in animals clearly exhibits a circadian pattern and can be strongly influenced by exogenous melatonin.,0
189,"More specifically, we hypothesize that the mode of action of melatonin in the presented PLMD patients might have been an increase of output-amplitude of the circadian timing system, thereby enhancing the circadian rhythmicity of locomotor activity with a reduction of sleep motor activity.",0
190,Children with asthma reported by their parents in 1968 were more likely than not to be free of symptoms as adults.,0
191,"The subjects who had more severe asthma (especially if it developed after the age of 2 and was associated with reduced expiratory flow), were female, or had parents who had asthma were at an increased risk of having asthma as an adult.",1
192,"These findings have implications for the treatment and prognosis of childhood asthma, targeting preventive and educational strategies and understanding the onset of asthma in adult life.",1
193,These findings support the use of appropriately prescribed graded aerobic exercise in the management of patients with fatigue and systemic lupus erythematosus.,1
194,"Febuxostat, at a daily dose of 80 mg or 120 mg, was more effective than allopurinol at the commonly used fixed daily dose of 300 mg in lowering serum urate.",0
195,"While GTN appears to offer short-term benefits up to 6 months in the treatment of lateral epicondylosis, at 5 years there does not appear to be significant clinical benefits when compared with patients undertaking a standard tendon rehabilitation programme alone.",0
196,This is in contrast to findings of continued benefits at long-term follow-up described in the literature for patients with Achilles tendinopathy treated with GTN.,0
197,The limited available evidence suggests folate may have a potential role as a supplement to other treatment for depression.,0
198,"It is currently unclear if this is the case both for people with normal folate levels, and for those with folate deficiency.",0
199,"Long-term mortality follow-up showed that patients with dyslipidemia benefited from beginning treatment with gemfibrozil early, especially if their dyslipidemia entailed factors related to the metabolic syndrome.",1
200,"Those with histologic findings of severe gastric atrophy, corpus-predominant gastritis, or intestinal metaplasia are at increased risk.",0
201,"Persons with H. pylori infection and nonulcer dyspepsia, gastric ulcers, or gastric hyperplastic polyps are also at risk, but those with duodenal ulcers are not.",1
202,There is insufficient evidence to support the use of herbal medicines in HIV-infected individuals and AIDS patients.,0
203,Women wishing to use combined OC can be reassured that their decision is unlikely to place them at higher risk of developing cancer.,0
204,"Use of the qHPV vaccine reduced the rates of anal intraepithelial neoplasia, including of grade 2 or 3, among men who have sex with men.",0
205,Increasing levels of pharmacologic acid suppression are associated with increased risks of nosocomial C difficile infection.,0
206,This evidence of a dose-response effect provides further support for the potentially causal nature of iatrogenic acid suppression in the development of nosocomial C difficile infection.,1
207,Infected women can be reassured that the maximum possible risk of a congenital abnormality due to B19 is under 1% and that long term development will be normal.,0
208,"We speculate that ankyloglossia plays a significant role in early breast-feeding difficulties, and that frenotomy is an effective therapy for these difficulties.",0
209,"In children followed up to 3.5 years, PCV provided a moderate amount of protection against ear infections while reducing frequent otitis media and tube procedures by greater amounts.",0
210,The combination of low-dose spironolactone with metformin seems superior to either drug alone in terms of clinical benefits and compliance in women with PCOS.,0
211,"Elevated levels of inflammatory markers, particularly C-reactive protein, indicate an increased risk of coronary heart disease.",0
212,"Although plasma lipid levels were more strongly associated with an increased risk than were inflammatory markers, the level of C-reactive protein remained a significant contributor to the prediction of coronary heart disease.",0
213,Daily ingestion of 8 ounces of yogurt containing Lactobacillus acidophilus decreased both candidal colonization and infection.,1
214,Heterogeneity in study design needs to be addressed in future research in order to test the efficacy of this intervention.,0
215,International cough guidelines recommend that a trial of ICS should only be considered in patients after thorough evaluation including chest X-ray and consideration of spirometry and other appropriate investigations.,0
216,Episodic high dose inhaled corticosteroids provide a partially effective strategy for the treatment of mild episodic viral wheeze of childhood.,0
217,There is no current evidence to favour maintenance low dose inhaled corticosteroids in the prevention and management of episodic mild viral induced wheeze.,0
218,"Among patients who have recently had an acute coronary syndrome, an intensive lipid-lowering statin regimen provides greater protection against death or major cardiovascular events than does a standard regimen.",0
219,These findings indicate that such patients benefit from early and continued lowering of LDL cholesterol to levels substantially below current target levels.,1
220,Pulsed dosing with terbinafine did not provide any clear safety advantages and was significantly less effective.,1
221,"Consequently, continuous treatment with terbinafine tablets remains the optimal therapy for onychomycosis.",0
222,"We found no RCTs on the use of diphencyprone, dinitrochlorobenzene, intralesional corticosteroids or dithranol although they are commonly used for the treatment of alopecia areata.",0
223,"Similarly although topical steroids and minoxidil are widely prescribed and appear to be safe, there is no convincing evidence that they are beneficial in the long-term.",0
224,Most trials have been reported poorly and are so small that any important clinical benefits are inconclusive.,0
225,There is a desperate need for large well conducted studies that evaluate long-term effects of therapies on quality of life.,0
226,"Considering the possibility of spontaneous remission especially for those in the early stages of the disease, the options of not being treated therapeutically or, depending on individual preference wearing a wig may be alternative ways of dealing with this condition.",1
227,"Until new data become available, it appears sound to offer preventive measures (vitamin D or calcium) to groups of high risk, like infants and toddlers; children living in Africa, Asia or the Middle East or migrated children from these regions into areas where rickets is not frequent.",1
228,"Due to a marked clinical heterogeneity and the scarcity of data, the main and adverse effects of preventive measures against nutritional rickets should be investigated in different countries, different age groups and in children of different ethnic origin.",0
229,Evidence suggests that breastfeeding interventions are more effective than usual care in increasing short- and long-term breastfeeding rates.,0
230,Combined pre- and postnatal interventions and inclusion of lay support in a multicomponent intervention may be beneficial.,0
231,Electronic fetal monitoring is associated with increased rates of surgical intervention and decreased perinatal mortality due to fetal hypoxia.,0
232,Involuntary smoke exposure is associated with increased asthma severity and worsened lung function in a nationally representative group of US children with asthma.,0
233,Irbesartan did not improve the outcomes of patients with heart failure and a preserved left ventricular ejection fraction.,1
234,Keloids and hypertrophic scars present a major therapeutic dilemma to the dermatologist because of frequent recurrences.,1
235,A better understanding of keloid pathogenesis may lead to improved therapies by which keloid growth and regrowth may be obviated.,0
236,"Although optimal treatment for keloids remains undefined, successful treatment can be obtained through a multimodality approach.",0
237,"Regardless of the technique employed, an observation period of at least 2 years is necessary to rule out recurrence.",0
238,"No relationship between the number of identified diagnoses and the number of performed laboratory tests, the different settings, the study design, or the publication period was found.",0
239,"On the basis of this systematic review and the relevant literature, a clinical guideline in the form of a flowchart is presented.",1
240,"Delaying clamping of the umbilical cord in full-term neonates for a minimum of 2 minutes following birth is beneficial to the newborn, extending into infancy.",0
241,"Although there was an increase in polycythemia among infants in whom cord clamping was delayed, this condition appeared to be benign.",1
242,"In the short term, lifestyle treatment may be effective at reducing blood pressure for some individuals.",0
243,"A healthier diet, by lowering blood pressure and cardiovascular risk, may reduce, delay or remove the need for long-term drug therapy in some patients.",0
244,"However, further comparisons of lifestyle and drug interventions for hypertension are required, with larger clinical trials of longer duration and better quality.",0
245,Future trials should aim to identify the characteristics of patients most likely to benefit from lifestyle changes.,0
246,"In the treatment of onychomycosis, continuous terbinafine provided superior long-term mycological and clinical efficacy and lower rates of mycological and clinical relapse compared with intermittent itraconazole.",1
247,The administration of systemic T to treat the first episode of onychomycosis may provide better long-term success than I in those patients with a complete response.,0
248,"Other factors including the presence of predisposing factors, use of nail lacquer as a prophylactic treatment, and the dermatophyte strain isolated were not significantly related to relapse.",1
249,"Many patients discontinue long-term opioid therapy (especially oral opioids) due to adverse events or insufficient pain relief; however, weak evidence suggests that patients who are able to continue opioids long-term experience clinically significant pain relief.",0
250,"Many minor adverse events (like nausea and headache) occurred, but serious adverse events, including iatrogenic opioid addiction, were rare.",0
251,This large observational data series shows that CAC provides independent incremental information in addition to traditional risk factors in the prediction of all-cause mortality.,0
252,Our results indicate that only a small proportion of children with severe alopecia areata will obtain a persistent benefit from topical immunotherapy.,0
253,"In patients with Doppler evidence of diastolic dysfunction at rest and a hypertensive response to exercise, Ang II receptor blockade blunts the hypertensive response to exercise, increases exercise tolerance and improves quality of life.",1
254,Higher maternal caffeine intake during pregnancy was associated with a higher risk of delivering low birth weight infants.,0
255,There is insufficient evidence to support the effectiveness of melatonin in managing the cognitive and non-cognitive sequelae of dementia.,0
256,"A systematic review and meta-analysis was performed of randomized, controlled, direct-comparison trials that included adults receiving atenolol, bisoprolol, metoprolol, nebivolol, or carvedilol to evaluate the effects of carvedilol compared to other BBs on mortality, cardiovascular events, and hospital readmissions in the setting of AMI or systolic HF.",0
257,"In 3 trials of patients with AMI (n = 644), carvedilol significantly reduced all-cause mortality by 45% (fixed-effects model: risk ratio 0.55, 95% confidence interval 0.32 to 0.94, p = 0.03, random-effects model: risk ratio 0.56, 95% confidence interval 0.26 to 1.12, p = 0.10), with no reduction in non-fatal MI (risk ratio 0.61, 95% confidence interval 0.31 to 1.22, p = 0.16).",0
258,"In conclusion, carvedilol, as compared against atenolol, bisoprolol, metoprolol and nebivolol in randomized direct comparison trials, significantly reduced all-cause mortality in systolic HF patients.",0
259,"Metformin treatment in persons at risk for diabetes improves weight, lipid profiles, and insulin resistance, and reduces new-onset diabetes by 40%.",0
260,"Methylprednisolone injections for CTS have significant benefits in relieving symptoms at 10 weeks and reducing the rate of surgery 1 year after treatment, but 3 out of 4 patients had surgery within 1 year.",1
261,PRIMARY FUNDING SOURCE: Region of Scania Research and Development Foundation and HÃ¤ssleholm Hospital Organization.,0
262,Migraine in women of childbearing age significantly increases the risk of ischaemic but not haemorrhagic stroke.,0
263,"The coexistence of oral contraceptive use, high blood pressure, or smoking seems to exert a greater than multiplicative effect on the risk of ischaemic stroke associated with migraine.",0
264,"We found only one study that was prospective, and compared the various screening tools that are available to monitor opioid adherence.",0
265,There was not a single screening tool that can be applied universally to all patients who are on opioid therapy for chronic non-cancer pain.,0
266,"In general, the prognosis for spontaneous remission is reasonable, with the exception of the subgroup (33.2%) with physical urticaria.",0
267,The ATLFF was not a useful tool to identify which tongue-tied infants are at risk for breast-feeding problems.,1
268,"Clonidine, SSRIs and SNRIs, gabapentin and relaxation therapy showed a mild to moderate effect on reducing hot flushes in women with a history of breast cancer.",0
269,"The SSRIs or SNRIs, clonidine, and gabapentin trials provide evidence for efficacy; however, effects are less than for estrogen, few trials have been published and most have methodological deficiencies, generalizability is limited, and adverse effects and cost may restrict use for many women.",0
270,These therapies may be most useful for highly symptomatic women who cannot take estrogen but are not optimal choices for most women.,0
271,We found that exposure to nonselective NSAIDs or opioids in the period 61-90 days after a humeral shaft fracture was associated with nonunion.,0
272,"Although these associations may be causal, they are more likely to reflect the use of analgesics by patients with painful nonhealing fractures.",0
273,There was limited evidence from randomised controlled trials regarding the use of oestrogens for the prevention and management of pelvic organ prolapse.,0
274,The use of local oestrogen in conjunction with pelvic floor muscle training before surgery may reduce the incidence of post-operative cystitis within four weeks after surgery.,1
275,"Oral raloxifene may reduce the need for pelvic organ prolapse surgery in women older than 60 years although this cannot be taken as an indication for practice.There is a need for rigorous randomised controlled trials with long term follow up to assess oestrogen preparations for prevention and management of pelvic organ prolapse, particularly as an adjunctive treatment for women using pessaries and also before and after prolapse surgery.",0
276,Motivational interviewing by pediatricians and dietitians is a promising office-based strategy for preventing childhood obesity.,0
277,"However, additional studies are needed to demonstrate the efficacy of this intervention in practice settings.",0
278,"With careful preoperative evaluation and patient selection, resection of a symptomatic interdigital neuroma through a dorsal approach can result in a high percentage of successful results more than five years following the procedure.",1
279,The results suggest that opioid therapy has a positive effect on pain and mood but little effect on activity and sleep.,1
280,There is evidence of short-term efficacy (moderate for pain and small for function) of opioids to treat CLBP compared with placebo.,0
281,"OC users carrying an ascertained BRCA1/2 mutation have a reduced risk of ovarian cancer, proportional to the duration of use.",1
282,Current evidence shows that women with a family history of breast cancer do not increase their disease risk by using OCs.,0
283,Early administration of oral steroid medication in patients with acute sciatica had no significant effect on most parameters studied.,0
284,"It did, however, lead to slightly more rapid rates of improvement in pain, mental well-being, and disability scores.",0
285,"The impact of oral steroids on other outcomes is suggested by this study, but its small sample size limited its statistical power.",1
286,"However, because of the small sample size and the short term of this study, further long-term studies are needed to determine the efficacy of p.o.",1
287,"During the procedure, Mogen circumcision is associated with less pain and discomfort, takes less time, and is preferred by trainees when compared with the PlastiBell.",0
288,"Methacholine responsiveness and peak flow variability assessed at age 11, together with markers of atopy (IgE and skin test reactivity to allergens) identify three different wheezing phenotypes in childhood: ""transient early wheezing"" limited to the first three years of life and unrelated to increased airway lability; ""non-atopic wheezing"" of the toddler and early school years associated with positive peak flow variability but not with methacholine hyperresponsiveness; and ""IgE-associated wheeze/asthma"" associated with persistent wheezing at any age and with methacholine hyperresponsiveness, peak flow variability, and markers of atopy.",1
289,It is not known whether the favorable results of Pennsaid can be extrapolated to other topical NSAID preparations.,0
290,Pennsaid deserves further consideration when the existing treatment guidelines for OA of the knee are updated.,0
291,Two patients reported a partial and 9 patients a complete relieve of motor restlessness while receiving Pergolide.,0
292,The patients showed polysomnographically a mean decrease in NMS cluster disturbed time by 45% from control on L-Dopa (p < 0.025) and by 79% from control on Pergolide (p < 0.001).,1
293,"Opioids and NSAIDs are effective for chronic LBP, while antidepressants have no meaningful clinical benefit.",1
294,"Based on the significant rate of side effects with opioids and the lack of convincing superiority over NSAIDs, opioids are not recommended as a treatment for chronic LBP.",0
295,"Attention to subgroups of patients will likely help guide treatment, and will likely help increase the clinical impact of future research.",0
296,CLINICAL RECOMMENDATIONS: Recommendation 1: NSAIDs should be considered as a treatment of chronic LBP (Strength: Strong).,0
297,"There is evidence demonstrating favorable effectiveness, but also significant side effects that may have meaningful clinical consequences.",0
298,Recommendation 2: Opioids may be considered in the treatment of chronic LBP but should be avoided if possible (Strength: Weak).,0
299,"There is evidence demonstrating favorable effectiveness compared to placebo, similar effectiveness compared to NSAIDs, and with significant side effects including decreasing effectiveness related to habituation when used long-term.",1
300,Recommendation 3: Antidepressants should not be routinely used for the treatment of chronic LBP (Strength: Strong).,3
301,"There is evidence that they are not more effective than placebo with respect to pain, functional status, or depression.",0
302,"Based on the hypothesis that chronic LBP is a symptom reflective of a heterogeneous group of disorders, categorization of certain patient specific subgroups may be helpful in guiding future treatment decision making.",0
303,It is likely that inclusion of subgroup factors in future RCTs will provide information needed to improve the strength and specificity of future clinical recommendations.,0
304,An unfavorable score predicting a high rate of complications and more failed trials of labor may help in counseling patients considering trial of labor.,0
305,"Among MSM 26 years of age and older with and without history of anal condyloma, qHPV reduces the risk of anal condyloma development.",1
306,"PMVA was associated with an increased risk of stroke, particularly among women without other medical conditions associated with stroke.",1
307,"Behavioral risk factors, specifically smoking and oral contraceptive use, markedly increased the risk of PMVA, as did recent onset of PMVA.",1
308,"The PTB test, when used in a population of diabetic patients with a foot wound among whom the prevalence of osteomyelitis was 12%, had a relatively low positive predictive value, but a negative test may exclude the diagnosis.",0
309,Evidence for routine prescription of an ACE inhibitor in patients with diastolic HF (DHF) is inconsistent.,0
310,The present prospective study included patients with normal or slightly impaired ejection fraction (> or =50%) surviving a first hospitalization for HF.,0
311,We assessed the long-term prognosis of these patients according to prescription of an ACE inhibitor at discharge.,0
312,"ACE inhibitor therapy prescribed at discharge in 46% (n = 165) of the 358 included patients was associated with a 30% relative decrease in the risk of 5-year mortality (hazard ratio 0.70, 95% confidence interval 0.53 to 0.93, p = 0.013).",1
313,"On multivariable Cox analysis, the relation between ACE inhibitor prescription and mortality remained significant (hazard ratio 0.73, 95% confidence interval 0.54 to 0.99, p = 0.045).",0
314,"Using propensity score analysis, 120 patients receiving an ACE inhibitor were matched with 120 patients not receiving this medication.",1
315,"In the postmatch group, prescription of ACE inhibitor was associated with a significant decrease in the risk of 5-year mortality (hazard ratio 0.61, 95% confidence interval 0.43 to 0.87, p = 0.006).",0
316,Five-year relative survival (observed/expected survival) of the ACE inhibitor group was better than that of the no-ACE inhibitor group (65% vs 57%).,0
317,"In conclusion, we demonstrate that in this cohort of patients with DHF, prescription of ACE inhibitor was associated with a significant decrease in long-term mortality.",0
318,Elevated troponin levels identify patients with acute pulmonary embolism at high risk of short-term death and adverse outcome events.,0
319,Our data suggest that pelvic organ prolapse is not always chronic and progressive as traditionally thought.,1
320,"Early surgery achieved more rapid relief of sciatica than conservative care, but outcomes were similar by one year and these did not change during the second year.",0
321,"The risk of maternal B19 infection in pregnancy could not be predicted by a gravida's occupation, but it was significantly higher when the source of exposure was her own child.",0
322,"As a consequence, exclusion of pregnant women from the workplace during endemic periods with seasonal clusters of cases is not justified.",0
323,"The short-term effects, if any, of most maternal medications on breast-fed infants are mild and pose little risk to the infants.",0
324,"We also found this expensive therapy to be much less effective than previously believed, particularly for achieving complete cure of all 10 toenails.",0
325,Analysis of the cases provides evidence that prolonged QT and TdP can occur over a wide range of dosages including those usually recommended for addiction treatment.,0
326,Early frenotomy did not result in an objective improvement in breastfeeding but was associated with improved self-efficacy.,1
327,"This randomized, controlled trial has clearly shown that tongue-ties can affect feeding and that division is safe, successful and improved feeding for mother and baby significantly better than the intensive skilled support of a lactation consultant.",0
328,Red yeast rice and therapeutic lifestyle change decrease LDL cholesterol level without increasing CPK or pain levels and may be a treatment option for dyslipidemic patients who cannot tolerate statin therapy.,0
329,The GPs' counseling for physical activity using the PACE protocol influenced mediators and biometrical outcomes in an Italian primary care context.,0
330,Reduction of posterior pelvic pain by a non-elastic pelvic support was experienced by 82% of the women with posterior pelvic pain.,0
331,"After heptavalent pneumococcal conjugate vaccine introduction, children were less likely to develop frequent otitis media or have pressure-equalizing tube insertions.",0
332,The rate of spontaneous passage of ureteral stones does vary with stone size and location as determined by CT.,0
333,"Evidence is insufficient to show the effectiveness of relaxation techniques as treatment for menopausal vasomotor symptoms, or to determine whether this treatment is more effective than no treatment, placebo, acupuncture, superficial needle insertion or paced respiration.",1
334,"Furthermore, in the majority of these patients, the elevated blood pressures can be controlled or significantly improved.",0
335,"These data are strikingly similar to those from our previous study of RH, in which a suboptimal medication regimen was the most common reason for resistance.",0
336,"Goal BP was most commonly achieved after optimizing the diuretic regimen and increasing the number of medications, suggesting that physicians should use these measures to attain the recommended lower BP goals If goal BP is not reached, referral to a clinical hypertension specialist may be appropriate.",0
337,Infants with a significant tongue-tie that is interfering with breast-feeding have shown an improvement with breast-feeding following frenotomy.,0
338,The risk of infection is high for susceptible pregnant women during epidemics and associated with the level of contact with children.,0
339,"Nursery school teachers have the highest occupational risk, but most infections seem to be the result of exposure to the woman's own children.",0
340,"H pylori infection, NSAID use, and advanced age are independent risk factors for subsequent ulcer formation.",1
341,Follow up endoscopy is strongly indicated for an NUD patient with multiple risk factors for ulcer formation when symptoms recur.,0
342,Atypical antipsychotic drugs may be associated with a small increased risk for death compared with placebo.,0
343,"This risk should be considered within the context of medical need for the drugs, efficacy evidence, medical comorbidity, and the efficacy and safety of alternatives.",0
344,"Compared with pravastatin, treatment with higher potency statins, especially atorvastatin and simvastatin, might be associated with an increased risk of new onset diabetes.",0
345,"In a pooled analysis of data from 5 statin trials, intensive-dose statin therapy was associated with an increased risk of new-onset diabetes compared with moderate-dose statin therapy.",0
346,"In this trial of apparently healthy persons without hyperlipidemia but with elevated high-sensitivity C-reactive protein levels, rosuvastatin significantly reduced the incidence of major cardiovascular events.",0
347,The efficacy of SAMe in treating depressive syndromes and disorders is superior with that of placebo and comparable to that of standard tricyclic antidepressants.,1
348,"Since SAMe is a naturally occurring compound with relatively few side-effects, it is a potentially important treatment for depression.",0
349,Further study of SAMe as independent and adjuvant therapy for major depression in adults is indicated.,0
350,Curcumin has been demonstrated to be safe in six human trials and has demonstrated anti-inflammatory activity.,0
351,It may exert its anti-inflammatory activity by inhibition of a number of different molecules that play a role in inflammation.,0
352,"Although more head-to-head clinical trials are needed for a direct comparison of AE frequency, these preliminary data from separate reports suggest the possibility that AEs may be less likely with doxycycline than minocycline.",0
353,"Counseling and pharmacotherapy can promote modest sustained weight loss, improving clinical outcomes.",0
354,Pharmacotherapy appears safe in the short term; long-term safety has not been as strongly established.,1
355,"In selected patients, surgery promotes large amounts of weight loss with rare but sometimes severe complications.",0
356,There is evidence of a significant reduction in mortality from AAA in men aged 65 to 79 years who undergo ultrasound screening.,0
357,These findings need careful consideration in judging whether a co-ordinated population-based screening programme should be introduced.,1
358,"Several aspects of screening have been inadequately studied to determine optimal methods, including which instrument to use, the age at which to screen, and which interval is most useful.",0
359,"Trials of interventions demonstrate improvement in some outcome measures, but conclusions and generalizability are limited.",0
360,"Data are not available addressing other key issues including the effectiveness of screening in primary care settings, role of enhanced surveillance by primary care physicians before referral for diagnostic evaluation, non-speech and language and long-term benefits of interventions, and adverse effects of screening and interventions.",0
361,"The use of a sensitive assay for troponin I improves early diagnosis of acute myocardial infarction and risk stratification, regardless of the time of chest-pain onset.",1
362,"Although troponin T level is an independent risk factor for mortality in dialysis patients, it has limited added predictive power as a routine screening test over other clinical risk factors in dialysis patients.",0
363,"Cholecalciferol is almost twice as potent as ergocalciferol in increasing serum 25(OH)D, when administered either by mouth or im.",0
364,The results of our study showed that one application of silver nitrate can decrease the severity of pain in aphthous ulceration without significantly shortening or prolonging healing time.,1
365,This study was designed to evaluate the effects of the antioxidant flavonoid silymarin in improving long-term and postprandial glycemic and weight control in type 2 diabetic patients treated with glibenclamide.,0
366,"Using a randomized, double-blind, placebo-controlled design, 59 type 2 diabetic patients, previously maintained on 10 mg/day glibenclamide and diet control, with poor glycemic control, were randomized into three groups: the first two groups were treated with either 200 mg/day silymarin or placebo as adjuncts to glibenclamide, and the third group was maintained on glibenclamide alone for 120 days.",0
367,"Fasting and 4-hour postprandial plasma glucose, glycated hemoglobin (HbA(1c)), and body mass index (BMI) were evaluated at baseline and after 120 days.",0
368,"Compared with placebo, silymarin treatment significantly reduced both fasting and postprandial plasma glucose excursions, in addition to significantly reducing HbA(1c) levels and BMI after 120 days.",1
369,"In conclusion, adjunct use of silymarin with glibenclamide improves the glycemic control targeted by glibenclamide, during both fasting and postprandially, an effect that may be related to increased insulin sensitivity in peripheral tissues.",0
370,Prediction of TOLAC success at the time of admission is highly dependent on the initial cervical examination.,0
371,Single-dose famciclovir reduced time to healing of herpes labialis lesions by approximately 2 days compared with placebo.,1
372,"Simple smoking cessation advice combined with spirometric testing resulted in good 1 year cessation rates, especially in subjects with airway obstruction.",0
373,Half of the patients presented disease control after treatment lasting an average of approximately one year.,0
374,Low dose sodium valproate may be effective reducing a broad range of types of disturbed behaviours in aggressive demented patients.,0
375,"Soy consumption may be associated with reduced risk of breast cancer incidence, recurrence, and mortality.",1
376,"While there is no clear evidence of harm, better evidence confirming safety is required before use of high dose (?",0
377,The review shows that overall there is a positive effect of speech and language therapy interventions for children with expressive phonological and expressive vocabulary difficulties.,0
378,"The evidence for expressive syntax difficulties is more mixed, and there is a need for further research to investigate intervention for receptive language difficulties.",1
379,"There is a large degree of heterogeneity in the results, and the sources of this need to be investigated.",0
380,We found no arguments in favour of confronting smokers with their lung function as a tool for enhancing smoking cessation.,0
381,The effects of multiple treatment options on the subjective and objective measures of hirsutism have displayed varying results.,0
382,The outcomes reported to date have shown a positive trend toward using spironolactone in women with PCOS and hirsutism.,1
383,"Although statins improve lipid profiles and reduce testosterone levels in women with PCOS, there is no evidence that statins improve resumption of menstrual regularity or spontaneous ovulation, nor is there any improvement of hirsutism or acne.",0
384,There is a need for further research to be performed with large sample sizes and well-designed RCTs to assess clinical outcomes.,0
385,"Studies are needed to clarify the risk of stroke among users who may be susceptible on the basis of age, smoking, obesity, hypertension, or migraine history.",0
386,"The 1-year outcomes were similar for patients assigned to early surgery and those assigned to conservative treatment with eventual surgery if needed, but the rates of pain relief and of perceived recovery were faster for those assigned to early surgery.",0
387,"Survivors of cancer who chronically consumed opioids experienced symptomatic hypogonadism with significantly higher levels of depression, fatigue, and sexual dysfunction.",0
388,"With the increasing use of opioids among patients with cancer, further research in improving quality-of-life outcomes is warranted.",0
389,H pylori eradication may be cost effective treatment for non-ulcer dyspepsia in infected patients but further evidence is needed on decision makers' willingness to pay for relief of dyspepsia.,1
390,"Balance training can be used prophylactically or after an acute ankle sprain in an effort to reduce future ankle sprains, but current evidence is insufficient to assess this effect in patients with chronic ankle instability.",0
391,Further prospective studies on patients taking long-term acid suppression are needed to establish whether this association is causal.,0
392,The administration of three local cortivazol injections was followed by suppression of the corticotropic axis that persisted beyond 21 days after epidural injection and recovered more rapidly after intra-articular injection.,0
393,"With excellent cure rates and a good tolerability profile, terbinafine should continue to be a drug of choice for the treatment of toenail onychomycosis in the rising number of NIDDM patients receiving multiple medication.",0
394,Currently available evidence weakly supports the inference that testosterone use in men is not associated with important cardiovascular effects.,0
395,Patients and clinicians need large randomized trials of men at risk for cardiovascular disease to better inform the safety of long-term testosterone use.,1
396,"Although there are as yet no large-scale, long-term controlled studies of T therapy to provide a definitive assessment of risk, numerous smaller clinical trials as well as population-based longitudinal studies consistently fail to support the historical idea that T therapy poses an increased risk of prostate cancer or exacerbation of symptoms due to benign prostatic hyperplasia.",1
397,"This lack of prostate risk despite increased serum T appears to be explained by data showing that exogenous T does not raise intraprostatic concentrations of T or dihydrotestosterone, suggesting a saturation model.",0
398,"In contrast, there is mounting evidence that low serum T is associated with greater prostate cancer risk, and more worrisome features of prostate cancer.",0
399,"Given that the population at risk for T deficiency overlaps with the population at risk for prostate cancer, it is strongly recommended that men undergoing T therapy undergo regular monitoring for prostate cancer.",0
400,We recommend making a diagnosis of androgen deficiency only in men with consistent symptoms and signs and unequivocally low serum testosterone levels.,0
401,We suggest the measurement of morning total testosterone level by a reliable assay as the initial diagnostic test.,0
402,"We recommend confirmation of the diagnosis by repeating the measurement of morning total testosterone and in some patients by measurement of free or bioavailable testosterone level, using accurate assays.",0
403,"We recommend testosterone therapy for symptomatic men with androgen deficiency, who have low testosterone levels, to induce and maintain secondary sex characteristics and to improve their sexual function, sense of well-being, muscle mass and strength, and bone mineral density.",0
404,"We recommend against starting testosterone therapy in patients with breast or prostate cancer, a palpable prostate nodule or induration or prostate-specific antigen greater than 3 ng/ml without further urological evaluation, erythrocytosis (hematocrit > 50%), hyperviscosity, untreated obstructive sleep apnea, severe lower urinary tract symptoms with International Prostate Symptom Score (IPSS) greater than 19, or class III or IV heart failure.",0
405,"When testosterone therapy is instituted, we suggest aiming at achieving testosterone levels during treatment in the mid-normal range with any of the approved formulations, chosen on the basis of the patient's preference, consideration of pharmacokinetics, treatment burden, and cost.",0
406,"Anogenital cultures in broth media obtained during the late antenatal period are accurate in predicting group B streptococcal colonization status at delivery in term parturients, and they perform significantly (P < .01) better than cultures collected 6 or more weeks before delivery.",0
407,"In the management of SLE, dietary supplementation with fish oil may be beneficial in modifying symptomatic disease activity.",0
408,This study demonstrated that simple clinical evaluation and laboratory findings without using expensive imaging methods may be important indicators of osteomyelitis.,0
409,These data suggest that nonsteroidal anti-inflammatory drugs significantly inhibit spinal fusion at doses typically used for postoperative pain control.,0
410,Risperidone treatment was associated with an early and sustained reduction in nursing staff burden as measured using the M-NCAS compared with placebo treatment for older nursing home residents with dementia.,0
411,The results of this study provide evidence that healthy but sedentary individuals who take up a programme of regular brisk walking improves several known risk factors for cardiovascular disease.,0
412,Routine laboratory screening did not contribute substantially to the diagnosis of chronic urticaria or to the detection of underlying disorders.,0
413,"The addition of metformin to lifestyle therapy produced little reproductive or glycemic benefit in women with PCOS, although our study had limited power owing to a high dropout rate.",0
414,"Although the primary/secondary end points were not met in this study, improvements in certain exploratory measures suggest some abatacept efficacy in patients with non-life-threatening manifestations of SLE.",0
415,Smokers diagnosed with COPD stopped smoking significantly more often than those with normal lung function.,0
416,Lifestyle modification was exceptionally effective in preventing diabetes in older individuals; this finding was largely explained by greater weight loss and physical activity.,0
417,The limited effectiveness of metformin in older persons may reflect age-related differences in insulin action and secretion.,0
418,A lifestyle modification program can be recommended for older individuals at high risk for type 2 diabetes.,0
419,Type or intensity of 14 months of treatment for ADHD in childhood (at age 7.0-9.9 years) does not predict functioning 6 to 8 years later.,0
420,"This finding implies that children with behavioral and sociodemographic advantage, with the best response to any treatment, will have the best long-term prognosis.",0
421,"As a group, however, despite initial symptom improvement during treatment that is largely maintained after treatment, children with combined-type ADHD exhibit significant impairment in adolescence.",1
422,"Although in this retrospective study patients with severe disease may have been more inclined to respond, we may conclude that the study results indicate a very refractory course of chronic urticaria in patients visiting a specialized dermatological unit.",0
423,"The study is not comparable with studies in patients visiting a general practitioner or a dermatology unit in a general hospital, but highlights the chronicity of the disease in this subgroup of patients with severe urticaria.",0
424,"In those patients with migraine, the most common reasons for misdiagnosis include headache triggers, pain location, and associated features (""guilt by provocation, location, and association"") commonly attributed to sinus headache.",0
425,The clinician must be aware of these unique presentations of migraine so that a correct diagnosis can be made and effective treatment instituted.,0
426,"A portion of patients with self-diagnosed sinus headache suffer from a headache type, which is unclassifiable by the current IHS criteria.",0
427,"These headaches are characterized by bilateral maxillary pressure, mild to moderate pain intensity, cranial autonomic symptoms, and the complete absence of migraine features.",0
428,NNS significantly decreases some elements of measurable physiologic pain response of the neonate during circumcision.,1
429,The present trial evaluated the tolerability of red yeast rice versus pravastatin in patients unable to tolerate other statins because of myalgia.,0
430,"A total of 43 adults with dyslipidemia and a history of statin discontinuation because of myalgia were randomly assigned to red yeast rice 2,400 mg twice daily or pravastatin 20 mg twice daily for 12 weeks.",1
431,The primary outcomes included the incidence of treatment discontinuation because of myalgia and a daily pain severity score.,0
432,The incidence of withdrawal from medication owing to myalgia was 5% (1 of 21) in the red yeast rice group and 9% (2 of 22) in the pravastatin group (p = 0.99).,0
433,"No difference was found in muscle strength between the 2 groups at week 4 (p = 0.61), week 8 (p = 0.81), or week 12 (p = 0.82).",0
434,The low-density lipoprotein cholesterol level decreased 30% in the red yeast rice group and 27% in the pravastatin group.,0
435,"In conclusion, red yeast rice was tolerated as well as pravastatin and achieved a comparable reduction of low-density lipoprotein cholesterol in a population previously intolerant to statins.",0
436,The application of topical pimecrolimus is ineffective in the treatment of ongoing Toxicodendron-induced ACD.,1
437,This was true at higher dosage (850 mg twice daily) and lower dosage (250 mg twice or 3 times daily); in people of varied ethnicity; and even when a sensitivity analysis was applied to the data.,2
438,"Results suggest that, to maximise the benefits of available asthma medication and to improve health outcomes, further efforts should be made to convince the parents of asthmatic children not to smoke in the house, and to improve compliance by increasing the patients' understanding of the disease and its treatment.",0
439,This study demonstrated that an extract of jewelweed was not effective in the treatment of poison ivy/oak allergic contact dermatitis.,0
440,"Among pregnant women, the highest risk period for venous thromboembolism and pulmonary embolism in particular is during the postpartum period.",0
441,"Although the incidence of pulmonary embolism has decreased over time, the incidence of deep venous thrombosis remains unchanged, indicating the need to better identify pregnant women at increased risk.",1
442,The prognostic value of elevated circulating levels of cardiac Troponins seen during COPD exacerbations has been investigated.,0
443,"From the Akershus hospital database, 897 patients discharged after treatment for COPD exacerbation in the period 2000-2003 were identified and followed-up until June 30, 2005.",1
444,Clinical data were retrieved from patient records and date of death was obtained from the Norwegian National Registry.,1
445,"In order to balance the nonrandomised nature of available cTnT measurements, an exposure propensity score (EPS) for cTnT sampling was calculated and used in regression analyses.",0
446,"After adjusting for EPS in Cox regression analyses, elevated cTnT was significantly associated with increased all-cause mortality in the observation period, with a hazard ratio of 1.64 (95% confidence interval 1.15-2.34).",0
447,"In conclusion, chronic obstructive pulmonary disease patients with elevated cardiac-specific Troponin T during exacerbation are at increased risk of death after discharge.",0
448,This is the largest severe sepsis study reporting an association between elevated cTnI and higher mortality.,0
449,"Patient age, height, obesity-related diagnoses, and magnitude and frequency of abnormal blood pressure readings all increased the odds of diagnosis.",0
450,These findings provide a means of early stratification of hospitalized patients receiving antibiotics according to their risk for nosocomial C. difficile diarrhea.,1
451,Patients with severe to extremely severe disease at the time of admission may benefit from careful monitoring of antibiotic prescribing and early attention to infection control issues.,1
452,"In the future, these ""high-risk"" patients may benefit from prophylaxis studies of novel agents being developed to prevent C. difficile diarrhea.",0
453,"Cryotherapy is an effective, low-risk approach to keloid treatment associated with a low rate of recurrence.",0
454,The results suggest that the use of a pedometer is associated with significant increases in physical activity and significant decreases in body mass index and blood pressure.,0
455,The admission vaginal birth after cesarean scoring system may be useful in counseling patients regarding the option of vaginal birth or repeat cesarean delivery.,1
456,This information could be particularly valuable for the patient who opts for trial of labor but has second thoughts about her mode of birth when labor begins.,1
457,This tool may be used in early prenatal care to facilitate the decision of whether to undergo a trial of labor.,1
458,The previously published prediction model for VBAC developed in the USA is also available to Japanese women.,1
459,"In general, asymptomatic patients with EBCT scores in the high category can perhaps be considered for preventive medical therapy and risk factor modification.",0
460,"Symptomatic patients with EBCT scores in the low category can perhaps, at least temporarily, avoid invasive coronary angiography.",0
461,"However, the non-uniform quality of studies and the lack of availability of individual-level data preclude the extension of our results to individual patients.",0
462,The oral dose of vitamin D(2) required to rapidly achieve adequate levels of 25OHD is seemingly much higher than the usual recommended vitamin D(3) dose (20 mug/day).,1
463,"During 3 months, 250 microg/day of vitamin D(2) most effectively raised 25OHD levels to 85 nmol/l in 75% of the postmenopausal osteopenic/osteoporotic women treated.",2
464,Most recommendations in this guideline are based on observational studies and extrapolation from other populations.,1
465,"There is emerging evidence from randomized trials to support popular beliefs about yoga for depression, sleep disorders, and as an augmentation therapy.",1
466,"Limitations of literature include inability to do double-blind studies, multiplicity of comparisons within small studies, and lack of replication.",0
467,"Biomarker and neuroimaging studies, those comparing yoga with standard pharmaco- and psychotherapies, and studies of long-term efficacy are needed to fully translate the promise of yoga for enhancing mental health.",0
468,The leukotriene receptor antagonist zafirlukast does not provide a significant therapeutic benefit at a dose of 20 mg b.i.d.,0
