id,sen,lab
1,Our results indicate that the injection of corticosteroids to patients with shoulder pain due to soft tissue disorders under the USG-guidance may improve therapeutic effectiveness and reduce adverse effects.,2
2,"For a given anesthesia condition, the Mogen clamp is associated with a less painful procedure than the Gomco.",2
3,No statistical difference was found in the efficacy of citalopram and risperidone for the treatment of either agitation or psychotic symptoms in patients with dementia.,0
4,These findings need to be replicated before citalopram or other serotonergic antidepressants can be recommended as alternatives to antipsychotics for the treatment of agitation or psychotic symptoms associated with dementia.,1
5,We conclude that losartan alone or in combination with HCTZ was generally well tolerated and effective in the treatment of elevated systolic and diastolic BP in obese patients with hypertension.,2
6,"There is a real, immediate improvement in breastfeeding, detectable by the mother, which is sustained and does not appear to be due to a placebo effect.",1
7,"In an unselected birth cohort, more than one in four children had wheezing that persisted from childhood to adulthood or that relapsed after remission.",0
8,"The factors predicting persistence or relapse were sensitization to house dust mites, airway hyperresponsiveness, female sex, smoking, and early age at onset.",1
9,"These findings, together with persistently low lung function, suggest that outcomes in adult asthma may be determined primarily in early childhood.",1
10,"This study was a negative study, though there was a suggestion of benefit of methylprednisolone acetate in a population of young adults with acute radicular low back pain.",0
11,"Among patients at high risk for cardiovascular events but without diabetes, targeting a systolic blood pressure of less than 120 mm Hg, as compared with less than 140 mm Hg, resulted in lower rates of fatal and nonfatal major cardiovascular events and death from any cause, although significantly higher rates of some adverse events were observed in the intensive-treatment group.",2
12,"US guidance significantly improves the accuracy of joint injection, allowing a trainee to rapidly achieve higher accuracy than more experienced rheumatologists.",2
13,The procedure of a delayed cord clamping time of at least 30 s is safe to use and does not compromise the preterm infant in the initial post-partum adaptation phase.,1
14,"Our results suggest that ""medical expulsive therapy,"" using either alpha-antagonists or calcium channel blockers, augments the stone expulsion rate compared to standard therapy for moderately sized distal ureteral stones.",2
15,This systematic review aims to evaluate the benefit and side effect of Xuezhikang for coronary heart disease (CHD) complicated by dyslipidemia.,1
16,All randomized clinical trials (RCTs) with Xuezhikang as a treatment for CHD combined with dyslipidemia were considered for inclusion.,1
17,Data extraction and analyses and quality assessment were conducted according to the Cochrane standards.,1
18,"Xuezhikang showed significant benefit on the incidence of all-cause deaths, CHD deaths, myocardial infarction, and revascularization as compared with placebo based on conventional treatment for CHD.",2
19,"It remarkably lowered total cholesterol (TC), triglyceride (TG), and low-density lipoprotein-cholesterol (LDL-C) as compared with the placebo or inositol nicotinate group, which was similar to statins group.",2
21,Xuezhikang showed a comprehensive lipid-regulating effect and was safe and effective in reducing cardiovascular events in CHD patients complicated by dyslipidemia.,2
22,"Bimanual pelvic examination has marked limitations for evaluating adnexa, even with ideal circumstances.",0
23,"Patient characteristics such as obesity, uterine size, and abdominal scars limit the accurate palpation of the adnexa.",0
24,"Nitrofurantoin is actively transported into human milk, achieving concentrations in milk greatly exceeding those in serum.",2
26,We found insufficient evidence to determine whether acupuncture is effective for controlling menopausal vasomotor symptoms.,1
27,"When we compared acupuncture with sham acupuncture, there was no evidence of a significant difference in their effect on menopausal vasomotor symptoms.",1
28,"When we compared acupuncture with no treatment there appeared to be a benefit from acupuncture, but acupuncture appeared to be less effective than HT.",2
29,These findings should be treated with great caution as the evidence was low or very low quality and the studies comparing acupuncture versus no treatment or HT were not controlled with sham acupuncture or placebo HT.,1
30,"Childhood ADHD predicts specific adult psychiatric disorders, namely antisocial and drug abuse disorders.",1
31,"In the adolescent outcome of this cohort, we found that these disturbances were dependent on the continuation of ADHD symptoms.",1
32,"In contrast, in adulthood, antisocial and drug disorders appeared, in part, independent of sustained ADHD.",1
33,"In addition, regardless of psychiatric status, ADHD placed children at relative risk for educational and vocational disadvantage.",0
34,The results do not support a relationship between childhood ADHD and adult mood or anxiety disorders.,1
35,Drugs commonly used to treat PCOS appear to be associated with very low risk of severe adverse effects although data are extrapolated from other populations.,2
36,Patients subjectively reported significantly greater relief from symptoms with Debacterol than with Kenalog-in-Orabase or no treatment.,2
37,"The relief of symptoms associated with recurrent aphthous stomatitis may or may not correspond to clinical improvement, and these two topical medications may affect signs and symptoms of the lesions differently.",1
38,"On the basis of these and other findings on pain prevention and amelioration, we recommend that a local anesthetic be administered in advance of circumcision and that the Mogen procedure be used, unless contraindicated.",1
39,"We also recommend that infants be given a sweetened pacifier before, during, and after circumcision if the Gomco method is used.",1
40,A more active approach to the diagnosis and management of precursor lesions may often prevent the development of vulvar cancer.,2
41,Ankyloglossia is a relatively common finding in the newborn population and represents a significant proportion of breastfeeding problems.,1
42,"Careful assessment of the lingual function, followed by frenuloplasty when indicated, seems to be a successful approach to the facilitation of breastfeeding in the presence of significant ankyloglossia.",2
43,"Ankyloglossia, which is a relatively common finding in the newborn population, adversely affects breastfeeding in selected infants.",0
44,Neither an antibiotic nor a topical steroid alone or in combination was effective as a treatment for acute sinusitis in the primary care setting.,0
45,Currently there are relatively few studies of antidepressants for the treatment of agitation and psychosis in dementia.,1
46,The SSRIs sertraline and citalopram were associated with a reduction in symptoms of agitation when compared to placebo in two studies.,2
47,"Both SSRIs and trazodone appear to be tolerated reasonably well when compared to placebo, typical antipsychotics and atypical antipsychotics.",2
48,"Future studies involving more subjects are required to determine if SSRIs, trazodone, or other antidepressants are safe and effective treatments for agitation and psychosis in dementia.",1
49,Evidence suggests that the mode of action of bupropion and nortriptyline is independent of their antidepressant effect and that they are of similar efficacy to nicotine replacement.,2
50,"Evidence also suggests that bupropion is less effective than varenicline, but further research is needed to confirm this finding.",0
51,Atypical antipsychotic use is associated with an increased risk for death compared with nonuse among older adults with dementia.,0
52,The risk for death may be greater with conventional antipsychotics than with atypical antipsychotics.,0
53,"There is no consistent evidence that anxiolytics aid smoking cessation, but the available evidence does not rule out a possible effect.",1
54,"In this systematic review we present information relating to the effectiveness and safety of the following interventions: analgesics (local), carbenoxolone mouthwash, chlorhexidine (and similar agents), corticosteroids (topical), and tetracycline antibiotic mouthwash.",2
56,"The SFA Scale is a reliable, valid, and accurate measure of shoulder function in patients with RA that can be completed within 3 minutes.",2
57,"We meta-analyzed more and newer research results, and separated women according to menopausal status to explore soy isoflavone-breast cancer association.",1
58,We founded that soy isoflavone intake could lower the risk of breast cancer for both pre- and post-menopausal women in Asian countries.,2
59,"However, for women in Western countries, pre- or post-menopausal, there is no evidence to suggest an association between intake of soy isoflavone and breast cancer.",1
60,The majority of infants with wheezing have transient conditions associated with diminished airway function at birth and do not have increased risks of asthma or allergies later in life.,2
61,"In a substantial minority of infants, however, wheezing episodes are probably related to a predisposition to asthma.",1
62,One week of continuous auricular acupuncture decreases the pain and disability experienced by women with pregnancy-related low back and posterior pelvic pain.,2
63,"Based on these findings and those of prior studies, once-daily AzA 15% gel can therefore be utilized as a safe, effective, and economical dosing option for the treatment of mild-to-moderate papulopustular rosacea.",2
64,Once-daily dosing of AzA 15% gel was well accepted by patients and can offer considerable dosing flexibility and convenience for the patient as well as for the dermatologist.,2
65,"These bioflavonoids improve early outcomes in cadaveric renal transplantation, possibly through HO-1 induction.",2
66,"It can thus be concluded that in the management of rosacea, basic skin care regimens, including daily use of a therapeutic moisturizer, offer optimal benefits.",2
67,"The CDP was a randomized, placebo-controlled clinical trial of lipid-modifying agents in men with previous myocardial infarction (MI).",1
69,"Patients treated with niacin (n = 1,119) and placebo (n = 2,787) were grouped according to the presence or absence of the MS at baseline.",1
70,"The MS was defined on the basis of meeting > or =3 of 5 criteria from the current National Cholesterol Education Program guidelines in a small subgroup of patients with high-density lipoprotein cholesterol determinations at baseline and on the basis of > or =3 of 4 criteria in the total population, excluding the high-density lipoprotein cholesterol criterion.",1
72,"In conclusion, these results support the use of niacin in postinfarction patients with and without the MS.",2
73,"This study demonstrates that, when used in conjunction with DPNB, a pacifier dipped in 24% sucrose and a more comfortable, padded, and physiologic restraint can be useful in decreasing distress and pain.",2
74,"The uncertain quality of identified trials highlights the need for improved reporting of study methods, particularly with regards to allocation concealment and the handling of incomplete outcome data.",0
75,"The effect of black cohosh on other important outcomes, such as health-related quality of life, sexuality, bone health, night sweats and cost-effectiveness also warrants further investigation.",1
76,"At the present time, evidence from randomized trials does not support blood pressure targets lower than the standard targets in people with elevated blood pressure and diabetes.",1
77,"More randomized controlled trials are needed, with future trials reporting total mortality, total serious adverse events as well as cardiovascular and renal events.",1
79,"However, problems with standardization and safety concerns may limit their applicability in clinical practice.",1
80,"Whole-grain intake, largely attributed to the cereal fiber, is inversely associated with HOMA-IR and a lower prevalence of the metabolic syndrome.",1
81,Dietary glycemic index is positively associated with HOMA-IR and prevalence of the metabolic syndrome.,1
82,"Given that both a high cereal fiber content and lower glycemic index are attributes of whole-grain foods, recommendation to increase whole-grain intake may reduce the risk of developing the metabolic syndrome.",2
83,"The results of this study demonstrate that intake of 1, 3, or 6 g of cinnamon per day reduces serum glucose, triglyceride, LDL cholesterol, and total cholesterol in people with type 2 diabetes and suggest that the inclusion of cinnamon in the diet of people with type 2 diabetes will reduce risk factors associated with diabetes and cardiovascular diseases.",2
84,Use of cinnamon showed a beneficial effect on glycaemic control (both HbA1c and FPG) and the short term (<4 months) effects of the use of cinnamon on glycaemic control looks promising.,2
85,A brief intervention to increase the dialogue between patients and health care providers about behavioral goals can lead to increased physical activity and weight loss.,1
86,"The combined therapy of TFGs with sulfonylureas hypoglycemic drug could lower the blood glucose level and ameliorate clinical symptoms in the treatment of T2DM, and the therapy was relatively safe.",2
87,"Colchicine prophylaxis during initiation of allopurinol for chronic gouty arthritis reduces the frequency and severity of acute flares, and reduces the likelihood of recurrent flares.",2
88,Treating patients with colchicine during initiation of allopurinol therapy for 6 months is supported by our data.,1
89,Blood pressure reduction from combining drugs from these 4 classes can be predicted on the basis of additive effects.,2
90,The extra blood pressure reduction from combining drugs from 2 different classes is approximately 5 times greater than doubling the dose of 1 drug.,1
91,The combination of curcumin and quercetin appears to reduce the number and size of ileal and rectal adenomas in patients with FAP without appreciable toxicity.,2
92,Both prednisolone 1 mg/kg and low-dose dexamethasone (0.15 mg/kg) were found not to differ in efficacy from the currently recommended 0.6 mg/kg dexamethasone.,0
93,The use of these corticosteroid regimens in treating patients with mild to moderate croup is thus supported.,1
94,The main overall finding from this study is that saffron may be of therapeutic benefit in the treatment of mild to moderate depression.,2
95,To the best of our knowledge this is the first clinical trial that supports this indication for saffron.,1
96,"Supplementation with vitamin D can be achieved equally well with daily, weekly, or monthly dosing frequencies.",2
97,"Therefore, the choice of dose frequency can be based on whichever approach will optimize an individual's adherence with long-term vitamin D supplementation.",1
98,This study indicates that azithromycin is at least as effective as doxycycline in the treatment of rosacea.,2
99,It is our recommendation that an anesthetic should be administered to newborns prior to undergoing circumcision.,1
100,"Behavioral therapy resulted in greater patient satisfaction and fewer bothersome incontinence symptoms than pessary at 3 months, but differences did not persist to 12 months.",0
101,"The electron beam CT coronary calcium score predicts CAD events independent of standard risk factors, more accurately than standard risk factors and CRP, and refines Framingham risk stratification.",2
102,"Those who are female, diabetic and have neurophysiological confirmation of diagnosis have the highest risk of relapse.",0
103,"Corticosteroids provide symptomatic relief of pain in sore throat, in addition to antibiotic therapy, mainly in participants with severe or exudative sore throat.",2
104,"There are a myriad of disorders and maladies that seem to benefit from fatty acid supplementation, specifically omega-3 fatty acids.",1
105,"It has clearly been shown that omega-3 fatty acid supplementation provides a protective benefit in heart disease, and in particular sudden cardiac death.",2
106,"Rheumatoid arthritis (RA) is another disease entity that has been proven to benefit from this nutrition intervention, with improvement in symptoms and diminished nonsteroidal antiinflammatory drug (NSAID) usage.",2
107,"In addition, many psychiatric disorders, particularly schizophrenia and major depressive disorder (MDD), have shown positive results when supplementation has been used as an adjunct to standard pharmacotherapy.",2
108,"Specifically, according to preliminary clinical evidence, parenteral administration of fatty acids warrants further study.",1
109,"A predictive nomogram, which incorporates six variables easily ascertainable at the first prenatal visit, has been developed that allows the determination of a patient-specific chance for successful VBAC for those women who undertake trial of labor.",2
110,"All smokers, irrespective of their lung function, tried to modify their habit as the result of screening for COPD combined with smoking cessation advice.",1
111,"Older age, lower tobacco exposure, and lower lung function were the predictors of success in quitting smoking.",2
112,DDS had inverse association with metabolic syndrome and some of its features in this cross-sectional study.,1
113,"A higher dietary diversity, therefore, might be associated with lower possibility of having some metabolic disorders.",2
114,"Significant associations exist between dietary patterns identified by factor analysis, the metabolic syndrome, and insulin resistance.",1
115,The evidence implies promise of a treatment effect of omega-3 fatty acids for depression in adults; although a statement of definitive clinical efficacy is premature.,2
116,"Further study of essential fatty acids as independent and adjuvant therapy for adult depression is indicated, including more sophisticated investigation of dose-response in particular populations.",1
117,High levels of parental smoking in the home are associated with a reduction in health care contacts for asthma.,0
118,This could be due to a lack of awareness of asthma symptoms among heavy smokers or a reluctance to visit the GP.,1
119,Sonographic needle guidance significantly improves the performance and outcomes of outpatient IA injections in a clinically significant manner.,2
120,"Sports activity in adolescents and young adults was associated with an increased risk of SD, both in males and females.",0
121,"Sports, per se, was not a cause of the enhanced mortality, but it triggered SD in those athletes who were affected by cardiovascular conditions predisposing to life-threatening ventricular arrhythmias during physical exercise.",0
122,"An ulcer area larger than 2 cm2, a positive probe-to-bone test result, an erythrocyte sedimentation rate of more than 70 mm/h, and an abnormal plain radiograph result are helpful in diagnosing the presence of lower extremity osteomyelitis in patients with diabetes.",2
123,"Several individual clinical features were found to be associated with a significant intracranial abnormality, and patients with these features should undergo neuroimaging.",0
124,"US-guided arthrocentesis and injection of the knee are superior to anatomic landmark palpation-guided arthrocentesis, resulting in significantly less procedural pain, improved arthrocentesis success, greater synovial fluid yield, more complete joint decompression, and improved clinical outcomes.",2
125,"In overweight/obese adolescents with PCOS, 6 months treatment with rosiglitazone was superior to drospirenone/EE in improving the cardiometabolic risk profile, and effective but inferior in attenuating hyperandrogenemia.",2
126,Additional studies are needed to test insulin sensitizers in the treatment of the reproductive and cardiometabolic aspects of PCOS.,1
127,"Our results demonstrate that drug-induced suppression of PhK activity is associated with resolution of psoriatic activity as assessed by clinical, histological and immunohistochemical criteria, and support the hypothesis that effective antipsoriatic activity may be achieved through modulation of PhK activity.",1
128,"Intensive statin therapy early after ACS leads to a reduction in clinical events at 30 days, consistent with greater early pleiotropic effects.",1
129,"In stable patients, intensive statin therapy provides long-term reduction in clinical events when compared with standard therapy.",2
130,"Thus, ACS patients should be started in-hospital and continued long-term on intensive statin therapy.",1
131,"The diagnostic performance of sensitive cardiac troponin assays is excellent, and these assays can substantially improve the early diagnosis of acute myocardial infarction, particularly in patients with a recent onset of chest pain.",2
132,"Asthmatic heredity, predisposition to early life atopy, plus early passive smoke exposure and recurrent chest infections are important influences for the occurrence of wheeze and asthma at 10 years of age.",0
133,"BHR at 10 years of age has a narrower risk profile, suggesting that factors influencing wheezing symptom expression may differ from those predisposing the patient to BHR.",1
134,The present study suggests that childhood ADHD predisposes to specific disadvantages and continues to affect important functional domains unrelated to current psychiatric diagnosis.,1
135,These findings indicate that ADHD is associated with significant educational and occupational underattainments relative to what would have been expected on the basis of intellectual potential.,1
136,This analysis is consistent with prior reports showing that ACE inhibitors decrease the risk of death following a recent MI by reducing cardiovascular mortality.,2
137,"Moreover, this analysis suggests that a reduction in SCD risk with ACE inhibitors is an important component of this survival benefit.",2
138,"In women, cholecystectomy leads to the perception of less constipation and slightly more frequent defecations but short term recordings show no consistent change in bowel function.",2
139,No significant effect of chromium on lipid or glucose metabolism was found in people without diabetes.,1
140,"However, future studies that address the limitations in the current evidence are needed before definitive claims can be made about the effect of chromium supplementation.",1
141,"The percentage of oxalate that was water soluble differed markedly between cinnamon (6%) and turmeric (91%), which appeared to be the primary cause of the greater urinary oxalate excretion/oxalate absorption from turmeric.",1
142,"The consumption of supplemental doses of turmeric, but not cinnamon, can significantly increase urinary oxalate levels, thereby increasing risk of kidney stone formation in susceptible individuals.",0
143,Children with behavioural/emotional problems who wet their beds need not first be treated for their behavioural/emotional problems.,1
144,"Bedwetting can be treated successfully with DBT when other treatments such as normal alarm treatment have failed, and alarm treatment/DBT can have a positive influence on behavioural/emotional problems.",2
145,Our data have shown that budesonide inhaled regularly for 9 months did not cause a significant improvement in the BHR of adolescents with long-term asthma remission.,2
146,This suggests that the mechanism underlying BHR in this clinical setting may be different from that in symptomatic asthma.,1
147,"Before treatment, exercise systolic BP was 213 +/- 13 mm Hg (mean +/- SD) in the 19 patients randomized to losartan and 209 +/- 11 mm Hg in the 21 patients who received HCTZ.",1
148,"After 6 months, exercise systolic BP was similarly reduced in patients who received losartan (197 +/- 23 mm Hg, p < 0.01) and HCTZ (191 +/- 11 mm Hg, p < 0.01).",1
149,"With losartan, treadmill exercise time increased from 894 +/- 216 to 951 +/- 225 seconds (p = 0.011), and quality of life improved from 15 +/- 12 to 7 +/- 10 (p = 0.015) without a change in oxygen consumption (1,895 +/- 470 to 1,954 +/- 539 ml/min, p = 0.30).",2
150,"With HCTZ, exercise time (842 +/- 225 to 872 +/- 239 seconds, p = 0.32) and quality of life (19 +/- 21 vs 19 +/- 24, p = 0.43) did not change, whereas oxygen consumption decreased from 2,144 +/- 788 to 1,960 +/- 706 ml/min (p = 0.022).",1
151,"In conclusion, in patients with diastolic dysfunction and hypertensive responses to exercise, 6 months of losartan and HCTZ blunted systolic BP during exercise.",1
152,A moderate reduction in caffeine intake in the second half of pregnancy has no effect on birth weight or length of gestation.,1
153,"Telling smokers their lung age significantly improves the likelihood of them quitting smoking, but the mechanism by which this intervention achieves its effect is unclear.",1
154,This review found support for the use of systemic acyclovir and valacyclovir for the prevention of RHL.,1
155,There is insufficient scientific evidence to conclude that wearing maternity support belts reduces pregnancy-related low back pain and/or pelvic girdle pain.,1
156,RELEVANCE TO CLINICAL PRACTICE: This review provides comprehensive understanding of the effectiveness of maternity support belts for the relief of low back pain during pregnancy which will facilitate healthcare professionals in providing evidence-based advice to their patients.,2
157,"Low impact aerobic exercise gradually increasing in intensity, duration and frequency may be an effective strategy in reducing fatigue in some adults with chronic auto-immune conditions.",2
158,"However, fatigue is a variable and personal experience and a range of behavioural interventions may be required.",1
159,Well-designed studies testing these promising strategies and consensus on outcome fatigue measures are needed.,1
160,The two treatments applied had similar effectiveness as they both relieved pain and reduced the size of recurrent aphthous ulcers.,2
161,The cinnamon extract seems to have a moderate effect in reducing fasting plasma glucose concentrations in diabetic patients with poor glycaemic control.,2
162,The systemic lupus erythematosus self-management course had effects in reducing fatigue and depression and improving coping skills and self-efficacy.,2
163,The antiplatelet agent clopidogrel has beneficial effects in patients with acute coronary syndromes without ST-segment elevation.,2
164,"Over 18 months, persons with prehypertension and stage 1 hypertension can sustain multiple lifestyle modifications that improve control of blood pressure and could reduce the risk for chronic disease.",2
165,"The trial does not indicate an effect of daily 200 mg oral DHEA on fatigue and well-being, and therefore DHEA treatment is not recommended in unselected female patients with quiescent SLE.",0
166,"At all doses studied, febuxostat more effectively lowered and maintained serum urate levels <6.0 mg/dl than did allopurinol (300 or 100 mg) or placebo in subjects with hyperuricemia and gout, including those with mild to moderately impaired renal function.",2
167,"When incorporated into a habitual diet, consumption of test foods with a decreased GL does not ameliorate metabolic risk markers in overweight subjects.",1
168,Trial evidence that examines the effects of n-3 PUFAs on depressed mood is limited and is difficult to summarize and evaluate because of considerable heterogeneity.,1
169,"Twice-daily SD doxycycline treatment significantly reduced the number of inflammatory and noninflammatory lesions in patients with moderate facial acne, was well tolerated, had no detectable antimicrobial effect on the skin flora, and did not result in any increase in the number or severity of resistant organisms.",2
170,The present analysis provides an estimate of the average treatment effects of testosterone therapy in middle-aged men.,1
171,"Our findings are sufficiently strong to justify further interventional studies focused on alternative targets of androgenic treatment carrying more stringent clinical implications, in particular the cardiovascular, metabolic and neurological systems.",1
172,Ibuprofen is as or more efficacious than acetaminophen for the treatment of pain and fever in adult and pediatric populations and is equally safe.,2
173,This controlled study showed significant short-term efficacy of carbamazepine for agitation with generally good safety and tolerability.,2
174,"Among patients with chronic gout, elevated serum uric acid level, and allopurinol intolerance or refractoriness, the use of pegloticase 8 mg either every 2 weeks or every 4 weeks for 6 months resulted in lower uric acid levels compared with placebo.",2
175,Oral dexamethasone in a dose of 0.15 mg/kg is effective in reducing return to medical care with ongoing croup in children with mild croup.,2
176,Dilute alcohol injection is a safe and effective treatment option for patients with Morton's neuroma who want to avoid a surgical procedure and any associated complications.,2
177,This study confirms the beneficial effects of Caiapo on plasma glucose as well as cholesterol levels in patients with type 2 diabetes.,2
178,"For the first time, the long-term efficacy of Caiapo on glucose control was demonstrated by the observed decrease in HbA(1c).",2
179,"We demonstrated immediate improvement in nipple-pain and breastfeeding scores, despite a placebo effect on nipple pain.",2
180,This should provide convincing evidence for those seeking a frenotomy for infants with signficant ankyloglossia.,1
181,"Quadrivalent HPV vaccine prevents infection with HPV-6, 11, 16, and 18 and the development of related external genital lesions in males 16 to 26 years of age.",2
182,Elevated troponin level after acute stroke is common and is associated with ECG changes suggestive of myocardial ischemia and increased risk of death.,0
183,Administration of fluoroquinolones emerged as the most important risk factor for CDAD in Quebec during an epidemic caused by a hypervirulent strain of C. difficile.,0
184,Estrogen replacement therapy in doses used to control climacteric symptoms does not alter the incidence or intensity of nocturnal periodic limb movements.,2
185,Evidence was insufficient to show whether exercise is an effective treatment for vasomotor menopausal symptoms.,1
186,Evidence was insufficient to show the relative effectiveness of exercise when compared with HT or yoga.,1
187,"The temporal distribution of PLMs, as well as the coupling of PLMs with the phase position of circadian temperature curve, suggest an involvement of the circadian timing system in the pathophysiology of PLMD.",1
188,Locomotor activity in animals clearly exhibits a circadian pattern and can be strongly influenced by exogenous melatonin.,1
189,"More specifically, we hypothesize that the mode of action of melatonin in the presented PLMD patients might have been an increase of output-amplitude of the circadian timing system, thereby enhancing the circadian rhythmicity of locomotor activity with a reduction of sleep motor activity.",1
191,"The subjects who had more severe asthma (especially if it developed after the age of 2 and was associated with reduced expiratory flow), were female, or had parents who had asthma were at an increased risk of having asthma as an adult.",0
192,"These findings have implications for the treatment and prognosis of childhood asthma, targeting preventive and educational strategies and understanding the onset of asthma in adult life.",2
193,These findings support the use of appropriately prescribed graded aerobic exercise in the management of patients with fatigue and systemic lupus erythematosus.,2
194,"Febuxostat, at a daily dose of 80 mg or 120 mg, was more effective than allopurinol at the commonly used fixed daily dose of 300 mg in lowering serum urate.",2
195,"While GTN appears to offer short-term benefits up to 6 months in the treatment of lateral epicondylosis, at 5 years there does not appear to be significant clinical benefits when compared with patients undertaking a standard tendon rehabilitation programme alone.",1
196,This is in contrast to findings of continued benefits at long-term follow-up described in the literature for patients with Achilles tendinopathy treated with GTN.,0
197,The limited available evidence suggests folate may have a potential role as a supplement to other treatment for depression.,2
198,"It is currently unclear if this is the case both for people with normal folate levels, and for those with folate deficiency.",1
199,"Long-term mortality follow-up showed that patients with dyslipidemia benefited from beginning treatment with gemfibrozil early, especially if their dyslipidemia entailed factors related to the metabolic syndrome.",2
200,"Those with histologic findings of severe gastric atrophy, corpus-predominant gastritis, or intestinal metaplasia are at increased risk.",0
201,"Persons with H. pylori infection and nonulcer dyspepsia, gastric ulcers, or gastric hyperplastic polyps are also at risk, but those with duodenal ulcers are not.",1
202,There is insufficient evidence to support the use of herbal medicines in HIV-infected individuals and AIDS patients.,1
203,Women wishing to use combined OC can be reassured that their decision is unlikely to place them at higher risk of developing cancer.,1
204,"Use of the qHPV vaccine reduced the rates of anal intraepithelial neoplasia, including of grade 2 or 3, among men who have sex with men.",0
205,Increasing levels of pharmacologic acid suppression are associated with increased risks of nosocomial C difficile infection.,1
206,This evidence of a dose-response effect provides further support for the potentially causal nature of iatrogenic acid suppression in the development of nosocomial C difficile infection.,2
207,Infected women can be reassured that the maximum possible risk of a congenital abnormality due to B19 is under 1% and that long term development will be normal.,2
208,"We speculate that ankyloglossia plays a significant role in early breast-feeding difficulties, and that frenotomy is an effective therapy for these difficulties.",2
209,"In children followed up to 3.5 years, PCV provided a moderate amount of protection against ear infections while reducing frequent otitis media and tube procedures by greater amounts.",2
210,The combination of low-dose spironolactone with metformin seems superior to either drug alone in terms of clinical benefits and compliance in women with PCOS.,2
212,"Although plasma lipid levels were more strongly associated with an increased risk than were inflammatory markers, the level of C-reactive protein remained a significant contributor to the prediction of coronary heart disease.",2
213,Daily ingestion of 8 ounces of yogurt containing Lactobacillus acidophilus decreased both candidal colonization and infection.,2
214,Heterogeneity in study design needs to be addressed in future research in order to test the efficacy of this intervention.,1
215,International cough guidelines recommend that a trial of ICS should only be considered in patients after thorough evaluation including chest X-ray and consideration of spirometry and other appropriate investigations.,1
216,Episodic high dose inhaled corticosteroids provide a partially effective strategy for the treatment of mild episodic viral wheeze of childhood.,2
217,There is no current evidence to favour maintenance low dose inhaled corticosteroids in the prevention and management of episodic mild viral induced wheeze.,1
218,"Among patients who have recently had an acute coronary syndrome, an intensive lipid-lowering statin regimen provides greater protection against death or major cardiovascular events than does a standard regimen.",2
219,These findings indicate that such patients benefit from early and continued lowering of LDL cholesterol to levels substantially below current target levels.,2
252,Our results indicate that only a small proportion of children with severe alopecia areata will obtain a persistent benefit from topical immunotherapy.,2
253,"In patients with Doppler evidence of diastolic dysfunction at rest and a hypertensive response to exercise, Ang II receptor blockade blunts the hypertensive response to exercise, increases exercise tolerance and improves quality of life.",2
254,Higher maternal caffeine intake during pregnancy was associated with a higher risk of delivering low birth weight infants.,0
255,There is insufficient evidence to support the effectiveness of melatonin in managing the cognitive and non-cognitive sequelae of dementia.,1
256,"A systematic review and meta-analysis was performed of randomized, controlled, direct-comparison trials that included adults receiving atenolol, bisoprolol, metoprolol, nebivolol, or carvedilol to evaluate the effects of carvedilol compared to other BBs on mortality, cardiovascular events, and hospital readmissions in the setting of AMI or systolic HF.",1
257,"In 3 trials of patients with AMI (n = 644), carvedilol significantly reduced all-cause mortality by 45% (fixed-effects model: risk ratio 0.55, 95% confidence interval 0.32 to 0.94, p = 0.03, random-effects model: risk ratio 0.56, 95% confidence interval 0.26 to 1.12, p = 0.10), with no reduction in non-fatal MI (risk ratio 0.61, 95% confidence interval 0.31 to 1.22, p = 0.16).",2
258,"In conclusion, carvedilol, as compared against atenolol, bisoprolol, metoprolol and nebivolol in randomized direct comparison trials, significantly reduced all-cause mortality in systolic HF patients.",2
259,"Metformin treatment in persons at risk for diabetes improves weight, lipid profiles, and insulin resistance, and reduces new-onset diabetes by 40%.",2
260,"Methylprednisolone injections for CTS have significant benefits in relieving symptoms at 10 weeks and reducing the rate of surgery 1 year after treatment, but 3 out of 4 patients had surgery within 1 year.",2
261,PRIMARY FUNDING SOURCE: Region of Scania Research and Development Foundation and HÃ¤ssleholm Hospital Organization.,1
262,Migraine in women of childbearing age significantly increases the risk of ischaemic but not haemorrhagic stroke.,0
263,"The coexistence of oral contraceptive use, high blood pressure, or smoking seems to exert a greater than multiplicative effect on the risk of ischaemic stroke associated with migraine.",0
267,The ATLFF was not a useful tool to identify which tongue-tied infants are at risk for breast-feeding problems.,0
268,"Clonidine, SSRIs and SNRIs, gabapentin and relaxation therapy showed a mild to moderate effect on reducing hot flushes in women with a history of breast cancer.",2
271,We found that exposure to nonselective NSAIDs or opioids in the period 61-90 days after a humeral shaft fracture was associated with nonunion.,1
273,There was limited evidence from randomised controlled trials regarding the use of oestrogens for the prevention and management of pelvic organ prolapse.,1
274,The use of local oestrogen in conjunction with pelvic floor muscle training before surgery may reduce the incidence of post-operative cystitis within four weeks after surgery.,2
277,"However, additional studies are needed to demonstrate the efficacy of this intervention in practice settings.",1
278,"With careful preoperative evaluation and patient selection, resection of a symptomatic interdigital neuroma through a dorsal approach can result in a high percentage of successful results more than five years following the procedure.",2
279,The results suggest that opioid therapy has a positive effect on pain and mood but little effect on activity and sleep.,2
280,There is evidence of short-term efficacy (moderate for pain and small for function) of opioids to treat CLBP compared with placebo.,2
281,"OC users carrying an ascertained BRCA1/2 mutation have a reduced risk of ovarian cancer, proportional to the duration of use.",2
283,Early administration of oral steroid medication in patients with acute sciatica had no significant effect on most parameters studied.,1
285,"The impact of oral steroids on other outcomes is suggested by this study, but its small sample size limited its statistical power.",1
286,"However, because of the small sample size and the short term of this study, further long-term studies are needed to determine the efficacy of p.o.",1
287,"During the procedure, Mogen circumcision is associated with less pain and discomfort, takes less time, and is preferred by trainees when compared with the PlastiBell.",2
288,"Methacholine responsiveness and peak flow variability assessed at age 11, together with markers of atopy (IgE and skin test reactivity to allergens) identify three different wheezing phenotypes in childhood: ""transient early wheezing"" limited to the first three years of life and unrelated to increased airway lability; ""non-atopic wheezing"" of the toddler and early school years associated with positive peak flow variability but not with methacholine hyperresponsiveness; and ""IgE-associated wheeze/asthma"" associated with persistent wheezing at any age and with methacholine hyperresponsiveness, peak flow variability, and markers of atopy.",1
289,It is not known whether the favorable results of Pennsaid can be extrapolated to other topical NSAID preparations.,1
291,Two patients reported a partial and 9 patients a complete relieve of motor restlessness while receiving Pergolide.,2
294,"Based on the significant rate of side effects with opioids and the lack of convincing superiority over NSAIDs, opioids are not recommended as a treatment for chronic LBP.",0
295,"Attention to subgroups of patients will likely help guide treatment, and will likely help increase the clinical impact of future research.",1
296,CLINICAL RECOMMENDATIONS: Recommendation 1: NSAIDs should be considered as a treatment of chronic LBP (Strength: Strong).,2
298,Recommendation 2: Opioids may be considered in the treatment of chronic LBP but should be avoided if possible (Strength: Weak).,0
299,"There is evidence demonstrating favorable effectiveness compared to placebo, similar effectiveness compared to NSAIDs, and with significant side effects including decreasing effectiveness related to habituation when used long-term.",2
302,"Based on the hypothesis that chronic LBP is a symptom reflective of a heterogeneous group of disorders, categorization of certain patient specific subgroups may be helpful in guiding future treatment decision making.",1
303,It is likely that inclusion of subgroup factors in future RCTs will provide information needed to improve the strength and specificity of future clinical recommendations.,2
304,An unfavorable score predicting a high rate of complications and more failed trials of labor may help in counseling patients considering trial of labor.,2
305,"Among MSM 26 years of age and older with and without history of anal condyloma, qHPV reduces the risk of anal condyloma development.",2
306,"PMVA was associated with an increased risk of stroke, particularly among women without other medical conditions associated with stroke.",0
307,"Behavioral risk factors, specifically smoking and oral contraceptive use, markedly increased the risk of PMVA, as did recent onset of PMVA.",0
309,Evidence for routine prescription of an ACE inhibitor in patients with diastolic HF (DHF) is inconsistent.,1
310,The present prospective study included patients with normal or slightly impaired ejection fraction (> or =50%) surviving a first hospitalization for HF.,1
311,We assessed the long-term prognosis of these patients according to prescription of an ACE inhibitor at discharge.,1
312,"ACE inhibitor therapy prescribed at discharge in 46% (n = 165) of the 358 included patients was associated with a 30% relative decrease in the risk of 5-year mortality (hazard ratio 0.70, 95% confidence interval 0.53 to 0.93, p = 0.013).",1
313,"On multivariable Cox analysis, the relation between ACE inhibitor prescription and mortality remained significant (hazard ratio 0.73, 95% confidence interval 0.54 to 0.99, p = 0.045).",1
314,"Using propensity score analysis, 120 patients receiving an ACE inhibitor were matched with 120 patients not receiving this medication.",1
315,"In the postmatch group, prescription of ACE inhibitor was associated with a significant decrease in the risk of 5-year mortality (hazard ratio 0.61, 95% confidence interval 0.43 to 0.87, p = 0.006).",2
316,Five-year relative survival (observed/expected survival) of the ACE inhibitor group was better than that of the no-ACE inhibitor group (65% vs 57%).,2
317,"In conclusion, we demonstrate that in this cohort of patients with DHF, prescription of ACE inhibitor was associated with a significant decrease in long-term mortality.",2
318,Elevated troponin levels identify patients with acute pulmonary embolism at high risk of short-term death and adverse outcome events.,0
320,"Early surgery achieved more rapid relief of sciatica than conservative care, but outcomes were similar by one year and these did not change during the second year.",2
321,"The risk of maternal B19 infection in pregnancy could not be predicted by a gravida's occupation, but it was significantly higher when the source of exposure was her own child.",0
323,"The short-term effects, if any, of most maternal medications on breast-fed infants are mild and pose little risk to the infants.",2
324,"We also found this expensive therapy to be much less effective than previously believed, particularly for achieving complete cure of all 10 toenails.",2
326,Early frenotomy did not result in an objective improvement in breastfeeding but was associated with improved self-efficacy.,2
327,"This randomized, controlled trial has clearly shown that tongue-ties can affect feeding and that division is safe, successful and improved feeding for mother and baby significantly better than the intensive skilled support of a lactation consultant.",2
328,Red yeast rice and therapeutic lifestyle change decrease LDL cholesterol level without increasing CPK or pain levels and may be a treatment option for dyslipidemic patients who cannot tolerate statin therapy.,2
329,The GPs' counseling for physical activity using the PACE protocol influenced mediators and biometrical outcomes in an Italian primary care context.,1
330,Reduction of posterior pelvic pain by a non-elastic pelvic support was experienced by 82% of the women with posterior pelvic pain.,2
331,"After heptavalent pneumococcal conjugate vaccine introduction, children were less likely to develop frequent otitis media or have pressure-equalizing tube insertions.",2
332,The rate of spontaneous passage of ureteral stones does vary with stone size and location as determined by CT.,1
333,"Evidence is insufficient to show the effectiveness of relaxation techniques as treatment for menopausal vasomotor symptoms, or to determine whether this treatment is more effective than no treatment, placebo, acupuncture, superficial needle insertion or paced respiration.",1
334,"Furthermore, in the majority of these patients, the elevated blood pressures can be controlled or significantly improved.",2
335,"These data are strikingly similar to those from our previous study of RH, in which a suboptimal medication regimen was the most common reason for resistance.",1
337,Infants with a significant tongue-tie that is interfering with breast-feeding have shown an improvement with breast-feeding following frenotomy.,2
338,The risk of infection is high for susceptible pregnant women during epidemics and associated with the level of contact with children.,0
339,"Nursery school teachers have the highest occupational risk, but most infections seem to be the result of exposure to the woman's own children.",1
340,"H pylori infection, NSAID use, and advanced age are independent risk factors for subsequent ulcer formation.",0
341,Follow up endoscopy is strongly indicated for an NUD patient with multiple risk factors for ulcer formation when symptoms recur.,2
342,Atypical antipsychotic drugs may be associated with a small increased risk for death compared with placebo.,0
343,"This risk should be considered within the context of medical need for the drugs, efficacy evidence, medical comorbidity, and the efficacy and safety of alternatives.",1
344,"Compared with pravastatin, treatment with higher potency statins, especially atorvastatin and simvastatin, might be associated with an increased risk of new onset diabetes.",2
345,"In a pooled analysis of data from 5 statin trials, intensive-dose statin therapy was associated with an increased risk of new-onset diabetes compared with moderate-dose statin therapy.",0
346,"In this trial of apparently healthy persons without hyperlipidemia but with elevated high-sensitivity C-reactive protein levels, rosuvastatin significantly reduced the incidence of major cardiovascular events.",2
347,The efficacy of SAMe in treating depressive syndromes and disorders is superior with that of placebo and comparable to that of standard tricyclic antidepressants.,2
348,"Since SAMe is a naturally occurring compound with relatively few side-effects, it is a potentially important treatment for depression.",2
349,Further study of SAMe as independent and adjuvant therapy for major depression in adults is indicated.,1
350,Curcumin has been demonstrated to be safe in six human trials and has demonstrated anti-inflammatory activity.,2
351,It may exert its anti-inflammatory activity by inhibition of a number of different molecules that play a role in inflammation.,1
352,"Although more head-to-head clinical trials are needed for a direct comparison of AE frequency, these preliminary data from separate reports suggest the possibility that AEs may be less likely with doxycycline than minocycline.",1
353,"Counseling and pharmacotherapy can promote modest sustained weight loss, improving clinical outcomes.",2
354,Pharmacotherapy appears safe in the short term; long-term safety has not been as strongly established.,2
355,"In selected patients, surgery promotes large amounts of weight loss with rare but sometimes severe complications.",0
356,There is evidence of a significant reduction in mortality from AAA in men aged 65 to 79 years who undergo ultrasound screening.,2
357,These findings need careful consideration in judging whether a co-ordinated population-based screening programme should be introduced.,1
358,"Several aspects of screening have been inadequately studied to determine optimal methods, including which instrument to use, the age at which to screen, and which interval is most useful.",1
359,"Trials of interventions demonstrate improvement in some outcome measures, but conclusions and generalizability are limited.",2
360,"Data are not available addressing other key issues including the effectiveness of screening in primary care settings, role of enhanced surveillance by primary care physicians before referral for diagnostic evaluation, non-speech and language and long-term benefits of interventions, and adverse effects of screening and interventions.",1
361,"The use of a sensitive assay for troponin I improves early diagnosis of acute myocardial infarction and risk stratification, regardless of the time of chest-pain onset.",2
364,The results of our study showed that one application of silver nitrate can decrease the severity of pain in aphthous ulceration without significantly shortening or prolonging healing time.,2
365,This study was designed to evaluate the effects of the antioxidant flavonoid silymarin in improving long-term and postprandial glycemic and weight control in type 2 diabetic patients treated with glibenclamide.,1
366,"Using a randomized, double-blind, placebo-controlled design, 59 type 2 diabetic patients, previously maintained on 10 mg/day glibenclamide and diet control, with poor glycemic control, were randomized into three groups: the first two groups were treated with either 200 mg/day silymarin or placebo as adjuncts to glibenclamide, and the third group was maintained on glibenclamide alone for 120 days.",1
367,"Fasting and 4-hour postprandial plasma glucose, glycated hemoglobin (HbA(1c)), and body mass index (BMI) were evaluated at baseline and after 120 days.",1
369,"In conclusion, adjunct use of silymarin with glibenclamide improves the glycemic control targeted by glibenclamide, during both fasting and postprandially, an effect that may be related to increased insulin sensitivity in peripheral tissues.",2
370,Prediction of TOLAC success at the time of admission is highly dependent on the initial cervical examination.,1
371,Single-dose famciclovir reduced time to healing of herpes labialis lesions by approximately 2 days compared with placebo.,2
372,"Simple smoking cessation advice combined with spirometric testing resulted in good 1 year cessation rates, especially in subjects with airway obstruction.",2
373,Half of the patients presented disease control after treatment lasting an average of approximately one year.,2
374,Low dose sodium valproate may be effective reducing a broad range of types of disturbed behaviours in aggressive demented patients.,2
377,The review shows that overall there is a positive effect of speech and language therapy interventions for children with expressive phonological and expressive vocabulary difficulties.,2
378,"The evidence for expressive syntax difficulties is more mixed, and there is a need for further research to investigate intervention for receptive language difficulties.",1
379,"There is a large degree of heterogeneity in the results, and the sources of this need to be investigated.",1
380,We found no arguments in favour of confronting smokers with their lung function as a tool for enhancing smoking cessation.,1
381,The effects of multiple treatment options on the subjective and objective measures of hirsutism have displayed varying results.,1
382,The outcomes reported to date have shown a positive trend toward using spironolactone in women with PCOS and hirsutism.,2
384,There is a need for further research to be performed with large sample sizes and well-designed RCTs to assess clinical outcomes.,1
385,"Studies are needed to clarify the risk of stroke among users who may be susceptible on the basis of age, smoking, obesity, hypertension, or migraine history.",1
386,"The 1-year outcomes were similar for patients assigned to early surgery and those assigned to conservative treatment with eventual surgery if needed, but the rates of pain relief and of perceived recovery were faster for those assigned to early surgery.",2
387,"Survivors of cancer who chronically consumed opioids experienced symptomatic hypogonadism with significantly higher levels of depression, fatigue, and sexual dysfunction.",0
388,"With the increasing use of opioids among patients with cancer, further research in improving quality-of-life outcomes is warranted.",1
390,"Balance training can be used prophylactically or after an acute ankle sprain in an effort to reduce future ankle sprains, but current evidence is insufficient to assess this effect in patients with chronic ankle instability.",2
391,Further prospective studies on patients taking long-term acid suppression are needed to establish whether this association is causal.,1
392,The administration of three local cortivazol injections was followed by suppression of the corticotropic axis that persisted beyond 21 days after epidural injection and recovered more rapidly after intra-articular injection.,2
393,"With excellent cure rates and a good tolerability profile, terbinafine should continue to be a drug of choice for the treatment of toenail onychomycosis in the rising number of NIDDM patients receiving multiple medication.",2
394,Currently available evidence weakly supports the inference that testosterone use in men is not associated with important cardiovascular effects.,1
395,Patients and clinicians need large randomized trials of men at risk for cardiovascular disease to better inform the safety of long-term testosterone use.,1
396,"Although there are as yet no large-scale, long-term controlled studies of T therapy to provide a definitive assessment of risk, numerous smaller clinical trials as well as population-based longitudinal studies consistently fail to support the historical idea that T therapy poses an increased risk of prostate cancer or exacerbation of symptoms due to benign prostatic hyperplasia.",0
398,"In contrast, there is mounting evidence that low serum T is associated with greater prostate cancer risk, and more worrisome features of prostate cancer.",0
424,"In those patients with migraine, the most common reasons for misdiagnosis include headache triggers, pain location, and associated features (""guilt by provocation, location, and association"") commonly attributed to sinus headache.",1
428,NNS significantly decreases some elements of measurable physiologic pain response of the neonate during circumcision.,2
429,The present trial evaluated the tolerability of red yeast rice versus pravastatin in patients unable to tolerate other statins because of myalgia.,1
500,"XFC could elevate clinical efficacy of AS patients and enhance their autophagy, which might be achieved by acting on PI3K/Akt/mTOR signal, affecting autophagy gene and autophagy protein expression, taking part in the regulation of proliferation and differentiation of lymphocyte B, and strengthen humoral immunity.",2
501,"This therapy provides a valuable tool to accomplish a rapid decrease in vertigo spells in subjects with Meniere's disease, and it is considered an alternative to chemical or surgical labyrinthectomy.",2
502,"These elevations came with no adverse effect relative to resting heart rate, but a slight increase in blood pressure values.",1
504,"Instead, we found weak positive associations between vitamin D levels and fasting- and 2hour plasma glucose levels, HbA1c and impaired fasting glycaemia, and a negative association with beta-cell function, underlining the need for determination of the causal relationship.",1
507,"Future research should examine the separate impact of goals and planning, as well as examining mediators of behavior maintenance in physical activity interventions targeting cancer survivors.",1
508,"Because this is an observational study, comparison of techniques such as addition of fentanyl, EVE, needs a compatative study.",1
510,High-flow conditioned oxygen therapy may offer advantages for these patients.,2
511,"The study adds further evidence for the dominant cardiac sympathetic modulations on patients with preeclampsia, probably secondary to parasympathetic withdrawal in this group.",1
512,Standard practice in pupillary monitoring yields inaccurate data.,0
513,The 2 interventions were acceptable to participants and equal with regard to perceived credibility and acceptability.,1
516,We concluded that high-dose (4 g) MO leaf powder capsules significantly increased insulin secretion in healthy subjects.,2
517,Fewer patients responded to GDHT than anticipated.,1
518,The acupuncture at the acupoints selected from the affected meridians based on the location differentiation and the heavy moxibustion at painful points are safe and effective in the treatment of fibromyalgia syndrome and present the better persistent effect as compared with the combined medication of tramadol sustained release tablets and amitriptyline.,2
519,"Taken on a daily basis, thermogenic dietary supplementation may increase overall energy expenditure, potentially leading to reductions in fat mass over time.",2
521,"At the same anaesthetic depth, the CIIA method outperforms the TIVA method in suppressing the stress response and obtaining smooth awakening after laparoscopic radical gastrectomy for patients with gastric cancer; therefore, the CIIA method has a better anaesthetic effect.",2
522,"The moxa salt packets combined with tropisetron hydrochloride can effectively reduce the cisplatin chemotherapy-induced nausea and vomiting as well as the occurrence rate of delayed-type vomiting, and improve the constipation, which is superior to single use of tropisetron hydrochloride.",2
523,And it has similar immunotherapy efficacy between monosensitized and polysensitized children.,1
525,Application of PRP showed a positive effect on AGA and could be regarded as an adjuvant therapy for AGA.,2
527,"The key lessons learned from this study is that continuous rucaparib dosing is required for optimal response, the recommended phase 2 dose (RP2D) for continuous oral scheduling has not been established and requires further exploration and, thirdly, the use of a PD biomarker to evaluate dose-response has its limitations.",1
528,"ÃÂ²-Lactam-allergic patients who need ertapenem therapy should undergo skin tests and, if negative, a graded challenge to assess tolerability.",1
529,"CAM use was significantly associated with gender, age, career and duration of diabetes.",1
530,Incorporating paravertebral blocks carries considerable potential for improving pathways for breast cancer patients undergoing breast reconstruction--with minimal procedure-related morbidity.,2
533,"The results obtained indicate that the adjuvant treatment of psychosocial day care programme has a positive effect on treatment outcomes: on the increase of the patients' quality of life, and, to some extent, on the decrease of symptom intensity in positive symptoms in schizophrenia spectrum.",2
534,"The lenalidomide combined with chemotherapy can significantly decrease the expression level of VEGF and bFGF, and enhance the remission rate of patients with AML.",2
536,"Together, these findings suggest that personalised decision support systems could be an important development in shared decision-making and patient-centered care.",1
537,The pemetrexed-carboplatin combination was effective and well-tolerated in patients with EGFR-wild-type non-squamous NSCLC (UMIN-CTR number: UMIN000003393).,2
539,"Dynamic multiple pelvic angiography has significant advantage in the diagnosis of pelvic peritoneal hernia, and can provide a more objective basis for the diagnosis of functional defecation disorder.",1
541,Tramadol appears to be consistently well tolerated following i.v.,2
542,Combined aerobic and stretching exercises brought about significant therapeutic effects on selected cardiopulmonary parameters in female BC survivors.,2
545,Further study is needed to confirm our pilot findings.,1
549,"Among postmenopausal women with osteoporosis, the use of subcutaneous abaloparatide, compared with placebo, reduced the risk of new vertebral and nonvertebral fractures over 18 months.",2
550,Overnight closed-loop therapy resulted in better glucose control than sensor-augmented pump therapy in pregnant women with type 1 diabetes.,2
551,B- TURBT is a reasonable treatment modality in patients with NMIBC.,1
553,"When renal function is impaired and if basal kalemia is >4.35 mmol/L, then clinicians should properly balance risk and benefit of eplerenone use and offer dietary advice.",1
555,SMT C1100 was well tolerated in pediatric DMD patients.,2
556,Further research is necessary to evaluate these preliminary findings in a larger study population with longer follow-up to determine whether the observed effects will result in improved clinical outcomes.,1
557,"Among patients with advanced melanoma, pembrolizumab administration was associated with an overall objective response rate of 33%, 12-month progression-free survival rate of 35%, and median overall survival of 23 months; grade 3 or 4 treatment-related AEs occurred in 14%.",1
558,"Penetration acupuncture at the acupoints of GV and bladder meridian on head can remarkablely improve the cognitive function of the patients with mild cognitive disorder after stroke,and have some efficacy of relieving the bad mood such as depression.",2
560,"Hark improved the quality of transfer of information about simulated patients and was rated by users as more effective and efficient, and less distracting than pagers.",2
561,"Although EC is widely used as a method of quitting smoking, it has negative effects on the sinonasal symptoms and MCC.",0
563,The results indicate that RKB evening meal has an anti-diabetic potential and that the increased release of satiety hormones and improvements of appetite sensation could be beneficial in preventing obesity.,2
565,Ultrasound guided lower limb peripheral nerve blocks are an efficient technique of regional anesthesia in children.,2
566,The results show that platelet rich plasma provided better results from the perspective of pain control and effect duration.,2
567,This study shows for the first time the beneficial effect of memantine to prevent post-mastectomy pain development and to diminish chemotherapy-induced pain symptoms.,2
568,"In patients with HHT, a bevacizumab nasal spray treatment of 3 administrations at 14-day intervals with doses of 25 mg, 50 mg, or 75 mg per spray, compared with a placebo, did not reduce monthly epistaxis duration in the 3 consecutive months immediately after the end of treatment.",0
570,"The sedative effects of dexmedetomidine in the ICU patients treated with ventilator bundle treatment are satisfactory, and it can shorten the duration of mechanical ventilation, extubation time and length of ICU stay, reduce the incidence of delirium.",2
573,Exercise and DHA supplementation acted synergistically by increasing plasma PGE2 with anti-inflammatory effects.,2
574,"Furthermore, it was concluded that hyoscine-N-butylbromide can increase the risk of drug-related complications.",0
575,This study is useful in that it compares two common methods of preparation of the upper limb prior to tourniquet inflation and which have not previously been compared in this context.,1
577,"The low lactose milk powder could improve the therapeutic effectively and could reduce the duration of disease, and restored to normal diet for 2 weeks feeding time.",2
580,"Already after three months the effect of training with tailor-made notched music is observable in the most direct rating of tinnitus perception - the tinnitus loudness, while more global measures of tinnitus distress do not show relevant changes.",1
581,"The efficacy mechanism is probably relevant to the positive regulation of blood glucose, lipid metabolism, fat-islet endocrinal axis and automatic nerve function.",1
582,Early screening of these disorders and prompt tailored pharmacological and behavioral interventions can potentially reduce cocaine use and improve response to MMT.,2
583,"CTP could not only reflect the change of tumor size, but also reflect vascular function of the tumor.",1
584,For the assessment of the specific effectiveness of the Baghira group training further and larger studies are required.,1
585,A combination of PS and continuous inhalation of budesonide aerosol has a better efficacy in the treatment of NRDS than a combination of PS and budesonide solution.,2
588,SIT decreases the expression of GM-CSF and IL-5 and reduces the inflammatory reaction in the tissue samples of recurrent nasal polyps.,2
589,"ZHENG's gold hook fishing acupuncture could effectively improve the symptoms and sings of LDH, reduce the disability index and improve the quality of life, which is superior to EA.",2
590,ALIF shows a tendency to faster pain relief and return to activity with less intraoperative blood requirement in low grade isthmic spondylolisthesis.,2
591,There is a trend toward improved local tumor control and progression-free survival with proton beam.,2
592,Our results support the use of distortion correction to ensure accurate and careful application of DWI to neurosurgical practice.,1
596,HFpEF patients with RVD and impaired RV-PA coupling have more advanced heart failure.,0
597,"Furthermore, IL-35 should be incorporated into nomogram to generate a more accurate predictive model.",1
598,"Sodium bicarbonate combined with ulinastatin can improve the therapeutic effect and reduce complications in the treatment of acute phoxim pesticide poisoning, and have beneficial effects on the recovery of cholinesterase activity.",2
599,The present findings indicate that topiramate is effective and safe and thus reinforce previous data suggesting that topiramate is a potentially useful treatment for crack cocaine dependence.,2
601,Serum S100P protein and NSE could be changed by pre-operation injecting Ligustrazine at certain dose in elderly patients undergoing orthopedics operations.,1
603,The diagnosis of TRS by FISH was highly sensitive and enabled genetic confirmation of the pathological diagnoses.,1
605,We investigated a heterogeneous group of medicated male and female patients.,1
607,Counties offering HPV vaccination to catch-up groups in schools reached the highest vaccine uptake.,1
608,"Among critically ill patients treated in ICUs in Brazil, implementation of a multifaceted quality improvement intervention with daily checklists, goal setting, and clinician prompting did not reduce in-hospital mortality.",0
1193,"While both lifestyle and metformin interventions used to prevent diabetes increase HDL-C, the mechanisms involved differ between the two treatments and may have consequences for future risk of cardiovascular disease.",0
1194,"JXT could improve heart function of CHD patients to different degrees, and its curative effect was better than that of routine Western medicine (Simvastatin Tablets) treatment.",2
1195,"For type Crowe II developmental dysplasia of hip patients, 15ÃÂ° face-changing acetabular cups in THR could obtain higher actebular component coverage rate and satisfactory early clinical effects.",2
1196,"Among ambulatory adults aged 75 years or older, treating to an SBP target of less than 120 mm Hg compared with an SBP target of less than 140 mm Hg resulted in significantly lower rates of fatal and nonfatal major cardiovascular events and death from any cause.",2
1197,"For future studies, because dyads often commented positively about the pleasure and support they received, it might also be valuable to measure quality of life outcomes such as relationship quality, pleasure, and self-esteem in dyadic focused interventions.",1
1198,"While the current intervention improved cognitive functions, the cause-effect relationship, if any, with the concomitant neuromuscular adaptations remains to be explored.",1
1199,"Several challenges were identified the most important of which was concerns with achieving adherence to DP in non-trial settings, requiring operational feasibility studies in routine health systems.",1
1200,"Overall, the DEAL Project was associated with more rapid improvement in both depression symptoms and alcohol use outcomes in young people with these co-occurring conditions relative to an attention-control condition.",1
1201,SSI after an open appendectomy remains an important problem.,1
1202,Both MM and VDO were significantly improved by use of occlusal splints pretreatment.,2
1203,"In order to determine a true incidence of SSI, it is necessary to improve the national nosocomial infection surveillance system.",1
1204,The clinical impact of prolonged IL-10 needs further evaluation.,1
1205,Secure VCEs can be conducted using widely available hardware and software solutions.,1
1206,"For Chinese glomerulonephritis patients with stage 2 chronic kidney disease, therapy with A & As particles may provide effective anti-proteinuria treatment.",2
1208,This would reduce the need for parents to motivate their children extrinsically and allow for clinical trials to investigate the effectiveness of the system.,1
1209,This is the first study to characterize the population PKs of sirolimus using a two-compartment model in healthy Chinese subjects and renal transplant patients.,1
1210,"Motivational deficits are significantly linked to the functional impairment present in many people with major depression, just as they are in other psychiatric illnesses such as schizophrenia.",1
1211,"T II A could reduce the incidence of OlPN, which might be associated with inhibiting the expression of CGRP and up-regulating NGF activities.",2
1213,"Consequently, Metformin and acupuncture combined therapy is more effective than Metformin only, proving that acupuncture is an insulin sensitizer and is able to improve insulin sensitivity possibly by reducing body weight and inflammation, while improving lipid metabolism and adipokines.",2
1214,Interpretation of batches of mammograms by qualified screening mammography readers using a different order vs the same order for the second reading resulted in no significant difference in rates of detection of breast cancer.,1
1215,Anticholinergic medication use was associated with increased risk for recurrent falls.,2
1216,"During operation, the degree of blood oxygenation in these groups decreased by 57% and 41%, respectively.",1
1217,"Radiofrequency hyperthermia combined conformal radiotherapy is remarkably effective in treating patients with HCC, which could effectively reduce the damages of radiotherapy to the liver, enhance the patient' s tolerability and improve the patients' short and long term survival.",2
1218,The authors suggest that the administration of 14% Plai cream is a useful alternative in the management of DOMS.,2
1219,"Therefore, supplemental 80% FiO2 during and 6 hours after open surgery for acute sigmoid diverticulitis, reducing post-operative SSI, should be considered part of ongoing quality improvement activities related to surgical care, accompanied by few risk to the patients and little associates cost.",1
1220,We did not find any reduction of the pro-inflammatory response in our patients and therefore no changes in their perioperative course.,1
1224,Vitamin D deficiency was associated with higher disease activity and severity and presence of metabolic syndrome.,0
1225,"Results of this study suggest that the impact of PA on depressive symptoms varies by genotype and sex, and that PA may mitigate somatic symptoms of depression more than other symptoms.",2
1227,"Among patients recently hospitalized with heart failure and reduced LVEF, the use of liraglutide did not lead to greater posthospitalization clinical stability.",0
1228,The data show that investigators planning RCST's in surgery should be aware of the large amount of effort and significant financial resources needed to achieve patient recruitment goals.,1
1229,"However, IVR-based interventions may be the optimal choice for those with elevated LDL values at baseline.",2
1231,"In the conservative treatment, mifepristone can safely improve the hormone levels, reduce the thickness of the endometrium, alleviate symptoms.",2
1232,"However, piroxicam did not have any effect on abortion, multiple pregnancy, and ongoing pregnancy rates.",1
1233,"The efficiency of CHOP regimen containing PLD for the aged patients with advanced DLBCL has been confirmed to be significant, and its cardiac toxicity is low, thus being worth to be popularized and applied for the treatment of advanced diffuse large B-cell lymphoma.",2
1234,The PHC Cage is similar to the PEEK Cage and has good clinical outcome in short-term follow-up.,2
1235,Polymorphisms in CYP3A5 and ABCB1 may define a subset of patients with different cabazitaxel toxicity and efficacy and therefore could be used as markers for treatment optimization.,2
1238,These findings support a role of CYP2C19 genotype in the efficacy of this treatment.,2
1239,Neither sevoflurane nor propofol had any significant impact on the occurrence of postoperative complications.,2
1241,Short-term body composition benefits of an RT+CR intervention may be lost within 18 months after completion of the intervention.,1
1244,"Acupuncture stimulation of SP 6 has an immediate analgesic effect in PD women with cold damp stagnation syndrome, which was not affected by needling-induced sharp pain, deqi-expectation, and thicker or thinner needle with shallow and deeper insertion.",2
1248,"Outcomes of colorectal endoscopic submucosal dissection were acceptable in selected patients, with no difference in outcomes according to clinical indications.",2
1249,Laser assisted hatching with quarter technique improves pregnancy and implantation rates in poor prognosis patients.,2
1250,Rectal V38 and 2 clinical factors were strong predictors of HH following 5-fraction SABR.,1
1251,The analgesia method of ACM could reduce the dosage of traditional analgesic drugs and the occurrence of partial adverse reactions.,2
1252,Integration of BMI control with vision-guided robotic assistance led to improved performance on object transfer tasks.,2
1253,"With regards to the primary aim of this study, there were overall high levels of satisfaction with the intervention, indicating good feasibility and acceptance among patients.",2
1254,Larger studies are needed to assess the effect of cerebral protection device use on neurological and cognitive function after TAVI and to devise methods that will provide more complete coverage of the brain to prevent new lesions.,1
1255,Availability of spirometry should be a priority in this setting.,1
1256,"This outcome may result from a link between innate immunity and IgE-mediated, adaptive immune responses in asthma, and point to TLR4 as a potential therapeutic target.",1
1257,It could be worthwhile to aim the intervention specifically at specific subgroups.,1
1258,"Despite its shorter half-life, letrozole seems to be as least as likely, if not more, to adversely affect cervical mucus.",0
1259,"The hydroxyurea shows a better curative effect on TI patients, no serious side reactions occur in all the patients treated with hydroxyurea, but the long-term curative effect and side reactions should be observed continuously.",1
1260,"All three bitopertin treated groups showed improvements in all the efficacy endpoints for both of the two symptoms, i.e., ""negative symptoms"" and ""sub-optimally controlled symptoms"", throughout the duration of the study.",2
1261,"Among at-risk patients presenting to the ED, the use of aspirin compared with placebo did not reduce the risk of ARDS at 7 days.",0
1262,Further large studies are needed to confirm effectiveness of the proposed CMP.,1
1263,The combination of INS and Oxymet provides additional benefit compared to INS monotherapy in relieving nasal congestion in subjects with chronic rhinitis and allergic rhinitis without developing rhinitis medicamentosa.,2
1264,"A complex therapy cannot be limited to a single drug only, and to make better decisions, one should consider not only ocular, but also general condition of the patient.",1
1265,Both EA and meloxicam are effective in the treatment of KOA at the early and middle stage.,2
1266,"This methodology may be useful for diagnosing, directing treatment, and judging prognosis of alcoholic cardiac damage.",2
1267,More long-term studies are thus warranted.,1
1268,Knowledge of these relationships may help identify LTRs at the greatest risk for poor sleep and guide strategies to promote sleep and optimize HRQOL.,1
1269,"Regarding the improvement in foul breathing, the effect in the palmar thumb surface group is better than that in the radial margin group.",2
1270,Early weight loss is consistently identified as a strong predictor of long-term weight loss.,1
1271,The relationship for ALT appears specific for death due to cardiovascular disease.,0
1272,Biliary CEACAM6 can identify patients with extrahepatic cholangiocarcinoma with a high degree of sensitivity and should be investigated further as a potential screening tool.,2
1273,However Botulinum toxin type A (BotoxÃÂ®) showed statistically significant more increased in pressure pain threshold at 6-week after injection without severe adverse effects.,2
1274,Using 14% Plai cream over a 7-day period substantially reduced muscle soreness symptoms compared to 7% Plai cream or a placebo cream.,2
1276,"Its clinical effect is better than NPWT or porcine ADM dressing alone, and this method may be suitable for patients with non-surgical treatment.",2
1278,The results presented support further development of the C. difficile vaccine candidate in a larger population of subjects to determine the optimal dose and immunization schedule.,2
1280,These data support safety and efficacy of TAVR in select very elderly patients.,2
1281,A systematic intervention model resulted in partial improvements in LBP care.,2
1283,"Ultrasound-guided interscalene brachial plexus block with an extrafascial injection reduces the incidence of hemidiaphragmatic paresis and impact on respiratory function while providing similar analgesia, when compared with a conventional injection.",2
1284,The safety profile of CT-P13 was also similar to that of RP.,1
1285,The CMP used in the study have showed a trend to significant SSI risk reduction and may be recommended to maximize patient protection.,2
1288,"Investigations on the effects of low-volume HIIE protocols including a fewer number of work bouts on health status and fitness of less active subjects would be interesting, especially in the first training weeks.",1
1289,The individualized lung cancer modeling can facilitate the evaluation of preoperative risks and allows for more accurate surgical planning.,2
1293,This supports investigation into the potential use of nasal high flow therapy as treatment in viral upper respiratory tract infections.,2
1294,"Using RCT on participatory basis, SMBG with individual dietary counseling was effective in short term.",2
1295,"Based on the theory of dislocation of bone joints in TCM, three kinds of spinal rotation manipulations can be used safely for the treatment of lumbar disc herniation, and the efficacy was similar.",2
1296,"Among adults with septic shock, the early use of vasopressin compared with norepinephrine did not improve the number of kidney failure-free days.",0
1297,Oral Ramosetron 0.1 mg was more effective than placebo in PONV prevention and reduced the incidence of moderate to severe nausea after intrathecal morphine in the first 24 hour after gynecological surgery.,2
1298,ALIF with posterior instrumentation in low grade isthmic spondylolisthesis provides satisfactory outcome in patients requiring surgical treatment.,2
1299,This indicates variability in the ability to use real-time augmented feedback effectively.,2
1300,"The prolonged pharmacodynamic effect of proliposomal ropivacaine, together with its delayed elimination and prolonged redistribution to plasma, is compatible to depot-related slow-release and similar to the performance of other liposomal local anesthetics.",1
1301,"The present study demonstrated that the addition of inspiratory muscle training, even when applied for a short period, may potentiate the effects of combined aerobic and resistance training, becoming a simple and inexpensive strategy for patients who underwent coronary artery bypass and are in phase II cardiac rehabilitation.",2
1303,SIPsmartER is an effective intervention to decrease SSB consumption among adults and is promising for translation into practice settings.,2
1304,"Dose-dependent increases in appendicular lean body mass and decreases in fat mass were observed, although this study did not achieve the threshold of its primary objective.",1
1305,"Conical stone needle on foot combined with Sian anvil at Yintang(GV 29) treating insomnia is safe and effective,and this treatment acquires similar efficacy with less suffering.",2
1306,Close contact casting may be an appropriate treatment for such patients.,1
1307,This study provides modest evidence that rTMS to the l-DLPFC transiently reduces core symptoms of AN and encourages prudent decision making.,2
1308,This suggests that the prevalence of WDTC detected by imaging is not an artifact caused by an increasingly obese population and that any association of WDTC and obesity is not related to the way in which these tumors are detected.,1
1311,"Consumption of milk containing A1 ÃÂ²-casein was associated with increased gastrointestinal inflammation, worsening of PD3 symptoms, delayed transit, and decreased cognitive processing speed and accuracy.",0
1315,"The association of GlcN-S and mud-bath therapy has a positive and safe role in improving pain, function and quality of life in knee OA patients.",2
1316,The test-based approach to the management of malaria did not increase the incidence of malaria or anaemia among under-five children in this setting.,2
1317,"Considering both efficacy and safety, colchicine can be prescribed with a once-daily dosage.",1
1318,"The effectiveness of ARM in the prevention of severe epithelitis in patients with HNC treated with RT is, at least, as effective (or more effective) as other and more common skin treatments.",2
1320,"The decoction prepared with of Nicotiana tabacum leaves, used as mouthwash are well-tolerated and safe, and can be used for the management of recurrent aphthous.",2
1322,Partial STARR combined with Bresler procedure in the treatment of ODS associated with rectocele and IRI has better efficacy than STARR only.,2
1323,Propofol-TCI technique is suggested for laparoscopic and ambulatory surgery.,1
1326,"In patients undergoing MCA intravascular stent implantation for ischemic stroke, perioperative intensive statin therapy improves the patients' outcomes, reduces the levels of CRP, VCAM-1 and sCD147 molecules, and lowers the incidences of cerebrovascular events.",2
