key,value
iatrogenic,iatrogenic
extrapolated,extrapolated
limited,limited
four,four
sleep,Sleep
asian,Asian Continental Ancestry Group
feeding,feeding
disability,disability
caused,caused
mogen,mogen
risk,Risk
citalopram,Citalopram
every,every
affect,Affect
school,Schools
skills,skills
cause,cause
persisted,persisted
unrelated,unrelated
guiding,guiding
cholesterol,Cholesterol
neoplasia,Neoplasms
frenotomy,frenotomy
consistent,consistent
guidelines,standards
direct,direct
second,secondary
even,even
relieving,relieving
organisms,organisms
selected,selected
condyloma,condyloma
new,new
increasing,increasing
injections,Injections
rheumatologists,Rheumatologists
men,Men
reported,reported
protection,protection
aid,"Insemination, Artificial, Heterologous"
active,active
refractoriness,refractoriness
study,study
reports,Research Report
smoke,Smoke
changes,changes
clonidine,Clonidine
appropriately,appropriately
hyperresponsiveness,hyperresponsiveness
total,total
trazodone,Trazodone
would,would
hospital,Hospitals
achieve,achieve
negative,negative
therefore,therefore
menopausal,menopausal
assessment,assessment
separated,Divorce
tolerated,tolerated
females,Female
populations,Population
successful,successful
adult,Adult
excellent,excellent
supplemental,supplemental
circumstances,circumstances
mg,mg
flora,flora
mm,mm
ml,ml
mi,microbiology
fluoroquinolones,Fluoroquinolones
suggestive,suggestive
sucrose,Sucrose
ms,ms
indicated,indicated
dosing,dosing
indicates,indicates
foods,Food
caution,caution
want,want
counseling,Counseling
predictors,predictors
provide,provide
hypertensive,hypertensive
lesions,lesions
fever,Fever
minority,minority
undergoing,undergoing
modulation,modulation
arthritis,Arthritis
summarize,summarize
effective,effective
decreasing,decreasing
preventive,preventive
athletes,Athletes
order,order
psoriatic,psoriatic
nebivolol,Nebivolol
personal,personal
highlights,highlights
exhibits,Exhibits as Topic
folate,Folic Acid
differently,differently
persist,persist
acupuncture,Acupuncture
weeks,weeks
versus,versus
treating,treating
affected,affected
diseases,Disease
combination,combination
safe,safe
therapy,therapy
effects,effects
represents,represents
oxygen,Oxygen
reasonably,reasonably
losartan,Losartan
sham,salicylhydroxamic acid
side,side
bone,Bone and Bones
mean,mean
debacterol,"sufuric acid, sulfonated phenol drug combination"
constipation,Constipation
mdd,mdd
used,used
combining,combining
substantially,substantially
aids,Acquired Immunodeficiency Syndrome
extract,extract
convenience,convenience
content,content
safety,Safety
ra,ra
comprehensive,comprehensive
foundation,Foundations
perception,Perception
little,little
standard,standard
formation,formation
estimate,estimate
incorporates,incorporates
diabetic,diabetic
days,days
smokers,smokers
incorporated,incorporated
preoperative,preoperative
features,features
steroids,Steroids
grade,grade
primary,primary
maladies,maladies
another,another
blunts,blunts
dysfunction,physiopathology
psychotic,psychotic
approximately,approximately
needed,needed
rates,rates
corpus,corpus
gemfibrozil,Gemfibrozil
glucose,Glucose
enhancing,enhancing
tool,tool
risperidone,Risperidone
western,western
cereal,Edible Grain
symptom,symptom
anxiety,Anxiety
target,target
showed,showed
likely,likely
classes,classes
nonulcer,nonulcer
lbp,lbp
manner,manner
adhd,adhd
seem,seem
relatively,relatively
pergolide,Pergolide
strength,strength
relapse,Recurrence
thorough,thorough
chest,Thorax
subjects,subjects
regulating,regulating
effectiveness,effectiveness
predisposing,predisposing
though,though
involving,involving
phase,phase
assessed,assessed
nomogram,Nomograms
nicotinate,Niacin
medical,medical
flow,flow
antidepressant,antidepressant
incomplete,incomplete
probe,probe
caffeine,Caffeine
padded,padded
soluble,soluble
ulcer,Ulcer
ankyloglossia,Ankyloglossia
guidance,guidance
acne,Acne Vulgaris
screening,screening
wearing,wearing
dl,dl
fluid,fluid
psychiatric,psychiatric
despite,despite
palpation,Palpation
rectal,rectal
twice,twice
adherence,adherence
vbac,Vaginal Birth after Cesarean
habit,Habits
testing,testing
aphthous,aphthous
observed,observed
result,result
depressive,depressive
nocturnal,nocturnal
best,best
underattainments,underattainments
score,score
yogurt,Yogurt
occupational,occupational
approach,approach
terms,terms
amplitude,amplitude
nature,Nature
component,component
weak,weak
however,however
improve,improve
suggested,suggested
received,received
providing,providing
resistant,resistant
ventricular,ventricular
allopurinol,Allopurinol
candidal,candidal
supplementation,supplementation
appeared,appeared
anxiolytics,Anti-Anxiety Agents
applicability,applicability
pregnancy,Pregnancy
areata,areata
targeting,targeting
basis,basis
three,three
extraction,extraction
basic,basic
expected,expected
obese,obese
life,Life
efficacy,efficacy
drugs,Pharmaceutical Preparations
carbamazepine,Carbamazepine
circumcision,circumcision
applied,applied
n,n
calcium,Calcium
sle,sle
partum,partum
procedure,Methods
ir,innervation
ii,ii
throat,Pharynx
tissue,Tissues
ia,ia
curcumin,Curcumin
antidepressants,Antidepressive Agents
containing,containing
severity,severity
suggest,suggest
recurrent,recurrent
atopic,atopic
sinusitis,Sinusitis
potentially,potentially
several,several
independent,independent
myocardial,myocardial
pylori,pylori
cessation,cessation
immunohistochemical,immunohistochemical
subgroups,subgroups
prescribed,prescribed
pmva,pmva
episodic,episodic
adolescents,Adolescent
mother,Mothers
claims,claims
stringent,stringent
graded,graded
identify,identify
human,Humans
augments,augments
previous,previous
passive,passive
topical,topical
clbp,clbp
cadaveric,cadaveric
plasma,Plasma
elevation,elevation
survival,survival
possible,possible
possibly,possibly
whichever,whichever
birth,Parturition
disadvantage,disadvantage
shoulder,Shoulder
rosacea,Rosacea
standardization,Reference Standards
cochrane,cochrane
specific,specific
night,night
beneficial,beneficial
people,people
successfully,successfully
pegloticase,Pegloticase
multiple,multiple
incontinence,incontinence
climacteric,Climacteric
investigations,investigations
atenolol,Atenolol
treadmill,treadmill
ics,ics
nipple,Nipples
cord,cord
predicting,predicting
post,post
DIGIT,DIGIT
restlessness,Psychomotor Agitation
predisposition,predisposition
disorder,disorder
ileal,ileal
months,months
snris,Serotonin and Noradrenaline Reuptake Inhibitors
plus,plus
slightly,slightly
presence,presence
refines,refines
intellectual,intellectual
soy,soy
auricular,auricular
often,often
categorization,categorization
colchicine,Colchicine
support,support
initial,initial
erythrocyte,Erythrocytes
clinical,clinical
resulted,resulted
dorsal,dorsal
metabolism,metabolism
selection,selection
intolerance,intolerance
offer,offer
differences,differences
sustained,sustained
especially,especially
reproductive,reproductive
extremity,Extremities
prevents,prevents
maximum,maximum
complications,complications
emotional,emotional
medication,medication
dpnb,dpnb
implications,implications
proven,proven
evidence,evidence
exist,exist
adversely,adversely
physical,physical
floor,Floors and Floorcoverings
whereas,whereas
generally,generally
oestrogen,oestrogen
setting,setting
role,Role
acetaminophen,Acetaminophen
test,test
's,'s
convincing,convincing
flushes,flushes
diet,Diet
transported,transported
scores,scores
variable,variable
omega,omega
interval,interval
daily,daily
beds,Beds
time,Time
serious,serious
urinary,urinary
antipsychotics,Antipsychotic Agents
relieve,relieve
alternatives,alternatives
leads,leads
mild,mild
supplement,supplement
skin,Skin
remarkably,remarkably
milk,Milk
pediatric,pediatric
varenicline,Varenicline
disorders,disorders
determinations,determinations
acidophilus,acidophilus
protective,protective
frequencies,frequencies
glycemic,glycemic
intake,intake
choice,choice
level,level
epicondylosis,epicondylosis
standards,standards
p,p
signficant,signficant
anesthetic,anesthetic
prevent,prevent
frenuloplasty,frenuloplasty
findings,diagnosis
prediction,prediction
cost,cost
caiapo,caiapo
targets,targets
appear,appear
favour,favour
current,current
international,international
efficacious,efficacious
blunted,blunted
understanding,Comprehension
water,Water
methacholine,Methacholine Chloride
address,address
alone,alone
moisturizer,moisturizer
appears,appears
change,change
precursor,precursor
studied,studied
hba,Hemoglobin A
commonly,commonly
expulsion,expulsion
trial,trial
cinnamon,Cinnamomum zeylanicum
suggestion,Suggestion
domains,domains
studies,studies
regardless,regardless
extra,extra
marked,marked
modifying,modifying
percentage,percentage
flexibility,Pliability
pufas,pufas
plastibell,plastibell
inositol,Inositol
additive,additive
positive,positive
visit,visit
sports,Sports
urate,Uric Acid
criteria,standards
ischemia,Ischemia
symptomatic,symptomatic
dermatologist,Dermatologists
opioids,"Analgesics, Opioid"
inferior,inferior
following,following
metoprolol,Metoprolol
cad,cad
heart,Heart
agent,agent
sample,sample
stroke,Stroke
performed,performed
serum,Serum
fpg,fpg
xuezhikang,xuezhikang
immune,immune
criterion,criterion
optimal,optimal
influenced,influenced
may,may
designed,designed
cardiac,cardiac
data,data
contraindicated,contraindicated
joint,Joints
triglyceride,triglyceride
st,standards
cdad,cdad
se,secretion
typical,typical
mainly,mainly
years,years
course,course
episodes,episodes
statistical,statistical
unfavorable,unfavorable
group,group
hot,hot
decreases,decreases
amelioration,amelioration
decreased,decreased
main,main
relapsed,relapsed
non,non
thereby,thereby
sweetened,sweetened
half,half
term,term
troponin,Troponin
quercetin,Quercetin
prophylaxis,prevention & control
unselected,unselected
physiologic,physiologic
significantly,significantly
ee,ee
abnormal,abnormal
year,year
avoided,avoided
shown,shown
medications,medications
noninflammatory,noninflammatory
factors,factors
increase,increase
investigation,investigation
gomco,gomco
emerged,emerged
suggesting,suggesting
receiving,receiving
pessary,Pessaries
inhaled,inhaled
possibility,possibility
diagnostic,diagnostic
recordings,recordings
complicated,complicated
cough,Cough
care,care
advance,advance
training,education
place,place
bothersome,bothersome
childhood,childhood
frequent,frequent
first,first
benefited,benefited
distal,distal
variables,variables
one,one
specifically,specifically
specificity,Sensitivity and Specificity
croup,Croup
profiles,profiles
size,size
facilitation,facilitation
given,given
uric,uric
indicate,indicate
influencing,influencing
nutrition,nutrition
hyperuricemia,Hyperuricemia
continuous,continuous
accurately,accurately
population,Population
professionals,professionals
vulvar,vulvar
depressed,depressed
future,Forecasting
outcome,outcome
anatomic,anatomic
diastolic,diastolic
pre,pre
ang,ang
remained,remained
ssris,ssris
ideal,ideal
potential,potential
fracture,fracture
performance,performance
channel,channel
pain,Pain
normal,normal
incidence,incidence
ovarian,ovarian
knee,Knee
tendon,Tendons
renal,renal
considered,considered
average,average
later,later
infections,Infection
show,show
oestrogens,oestrogens
predisposes,predisposes
ratio,ratio
proportion,proportion
tolerance,tolerance
black,black
developed,developed
awareness,Awareness
wheeze,wheeze
conjunction,conjunction
gel,gel
regarding,regarding
settings,settings
yield,yield
predicted,predicted
aza,aza
gout,Gout
variability,variability
relative,relative
namely,namely
actively,actively
us,us
surgery,surgery
managing,managing
review,Review
inhibitors,antagonists & inhibitors
herbal,herbal
parental,parental
steroid,steroid
analyzed,analyzed
many,many
region,region
according,according
expression,expression
among,among
cancer,Neoplasms
reluctance,reluctance
period,period
satisfaction,Personal Satisfaction
maintained,maintained
pacifier,Pacifiers
moreover,moreover
estrogen,Estrogens
considering,considering
markedly,markedly
wheezing,Respiratory Sounds
reflective,reflective
oxalate,oxalate
cystitis,Cystitis
external,external
acyclovir,Acyclovir
brcaDIGIT,brcaDIGIT
careful,careful
dhea,Dehydroepiandrosterone
case,case
shaft,shaft
developing,developing
premature,premature
syndromes,Syndrome
spironolactone,Spironolactone
ongoing,ongoing
hypoglycemic,hypoglycemic
irrespective,irrespective
prevalence,prevalence
characteristics,characteristics
strain,Sprains and Strains
sudden,sudden
attributed,attributed
hyperandrogenemia,hyperandrogenemia
protein,protein
movements,Movement
different,different
remission,remission
media,media
events,events
status,status
cholecystectomy,Cholecystectomy
disadvantages,disadvantages
allocation,allocation
persons,Persons
prenatal,prenatal
fasting,Fasting
supports,supports
largely,largely
severe,severe
without,without
tendinopathy,Tendinopathy
model,model
persistently,persistently
justify,justify
guided,guided
rest,Rest
inflammatory,inflammatory
maternity,maternity
ounces,ounces
behavioural,behavioural
weekly,weekly
death,Death
asthma,Asthma
grouped,grouped
seems,seems
improvement,improvement
isoflavone,isoflavone
hässleholm,hässleholm
decompression,Decompression
treatment,treatment
continuation,continuation
real,real
glycaemic,glycaemic
aspects,aspects
reassured,reassured
narrower,narrower
early,early
using,using
accepted,accepted
acute,acute
reduces,reduces
benefit,benefit
superiority,superiority
either,either
nosocomial,nosocomial
multiplicative,multiplicative
output,output
intestinal,intestinal
cognitive,cognitive
ibuprofen,Ibuprofen
duration,duration
provided,provided
mood,Affect
confirm,confirm
dds,dds
tube,tube
provides,provides
moderate,moderate
quitting,quitting
scientific,scientific
power,Power (Psychology)
uterine,uterine
seconds,seconds
orabase,Orabase
sedimentation,sedimentation
comparison,comparison
stone,stone
ace,ace
oc,oc
acs,acs
greatly,greatly
concentrations,Attention
heavy,heavy
inclusion,inclusion
drospirenone,drospirenone
involvement,involvement
determine,determine
intervention,intervention
area,area
detectable,detectable
low,low
combined,combined
complete,complete
sonographic,sonographic
delayed,delayed
sophisticated,sophisticated
posterior,posterior
regimen,regimen
strongly,strongly
lactobacillus,Lactobacillus
certain,certain
acetate,acetate
hypertension,Hypertension
together,together
ameliorate,ameliorate
diversity,diversity
melatonin,Melatonin
yoga,Yoga
administered,administered
vocational,vocational
ige,Immunoglobulin E
valid,valid
antimicrobial,antimicrobial
poor,poor
tetracycline,Tetracycline
important,important
peak,peak
included,included
gastric,gastric
clinically,clinically
acids,Acids
curve,curve
excretion,excretion
ingestion,Eating
behavioral,behavioral
oral,oral
scd,scd
lack,lack
founded,founded
surgical,surgical
systemic,systemic
nitrofurantoin,Nitrofurantoin
follow,follow
children,Child
niacin,Niacin
responsiveness,responsiveness
febuxostat,Febuxostat
program,program
tg,tg
heterogeneity,heterogeneity
tc,tc
fap,fap
resistance,resistance
blockade,blockade
pcos,pcos
difference,difference
condition,condition
expulsive,expulsive
nonselective,nonselective
neurological,neurological
random,random
small,small
anal,analysis
programme,programme
antibiotic,Anti-Bacterial Agents
radiograph,radiograph
rate,rate
doppler,doppler
design,design
quebec,Quebec
brief,brief
gouty,gouty
method,Methods
contrast,contrast
hypervirulent,hypervirulent
promising,promising
modify,modify
inverse,inverse
relaxation,Relaxation
strong,strong
allergens,Allergens
compliance,Compliance
allows,allows
experience,experience
prior,prior
amount,amount
periodic,periodic
action,action
toxicity,toxicity
followed,followed
regimens,regimens
trainee,trainee
conventional,conventional
takes,takes
two,two
nonsteroidal,nonsteroidal
comparing,comparing
metformin,Metformin
achieving,achieving
polyps,Polyps
lowering,lowering
outpatient,Outpatients
lipoprotein,Lipoproteins
particular,particular
known,known
middle,middle
qhpv,qhpv
strategies,strategies
history,history
antagonists,antagonists & inhibitors
information,information
needs,Health Services Needs and Demand
expiratory,expiratory
influences,influences
parenteral,parenteral
tried,tried
advice,advice
treatments,Therapeutics
gestation,Pregnancy
blood,blood
response,response
short,short
randomised,randomised
sulfonylureas,sulfonylureas
childbearing,childbearing
nsaids,"Anti-Inflammatory Agents, Non-Steroidal"
turmeric,Curcuma
infant,Infant
help,help
sertraline,Sertraline
defecations,Defecation
signs,diagnosis
cardiovascular,cardiovascular
rapidly,rapidly
susceptible,susceptible
lateral,lateral
mites,Mites
pcv,pcv
symptoms,diagnosis
absence,absence
pharmacotherapy,pharmacotherapy
systems,systems
differed,differed
might,might
alter,alter
good,good
return,return
seeking,seeking
males,Male
postinfarction,postinfarction
receptor,receptor
speculate,speculate
association,Association
easily,easily
coping,coping
presented,presented
found,found
clamp,clamp
week,week
nicotine,Nicotine
weight,weight
house,house
reduce,reduce
circadian,circadian
humeral,humeral
undertake,undertake
doses,doses
funding,economics
alcohol,alcohol
research,Research
participants,participants
health,Health
induced,induced
evaluation,Evaluation Studies as Topic
fiber,fiber
carbenoxolone,Carbenoxolone
papulopustular,papulopustular
airway,airway
beginning,beginning
dexamethasone,Dexamethasone
benefits,benefits
similarly,similarly
lingual,lingual
conducted,conducted
osteomyelitis,Osteomyelitis
undergo,undergo
bupropion,Bupropion
major,major
moderately,moderately
haemorrhagic,haemorrhagic
number,number
utilized,utilized
occurrence,epidemiology
differ,differ
temperature,Temperature
threatening,threatening
least,least
statement,statement
compromise,compromise
option,option
relationship,relationship
relieved,relieved
bowel,bowel
sensitization,sensitization
immediate,immediate
hctz,Hydrochlorothiazide
part,part
favorable,favorable
tDIGITdm,tDIGITdm
bimanual,bimanual
aims,aims
determined,determined
risks,Risk
azithromycin,Azithromycin
treated,treated
newborns,"Infant, Newborn"
procedural,procedural
exert,exert
sensitizers,sensitizers
substantial,substantial
sciatica,Sciatica
aged,Aged
self,Ego
onset,onset
majority,majority
finding,finding
relief,relief
experienced,experienced
measures,Weights and Measures
rhl,rhl
significant,significant
alpha,alpha
kg,kg
arthrocentesis,Arthrocentesis
stones,stones
particularly,particularly
disturbances,disturbances
prescription,Prescriptions
cdp,Cytidine Diphosphate
impact,impact
parameters,parameters
less,less
failed,failed
positively,positively
factor,factor
hiv,HIV
dependent,dependent
breast,Breast
crp,crp
adulthood,adulthood
medicines,medicines
common,common
activity,activity
x,x
mouthwash,mouthwash
corticosteroid,corticosteroid
achieved,achieved
sex,Sex
achieves,achieves
schizophrenia,Schizophrenia
individual,individual
framingham,framingham
currently,currently
myriad,myriad
probably,probably
conditions,conditions
available,available
recently,recently
responses,responses
attention,Attention
dipped,dipped
c,c
improved,improved
arrhythmias,arrhythmias
sensitive,sensitive
improves,improves
whole,whole
distress,distress
newborn,"Infant, Newborn"
dietary,dietary
agents,agents
adaptation,adaptation
atopy,atopy
described,described
monthly,monthly
due,due
strategy,strategy
reduction,reduction
initiation,initiation
maintenance,Maintenance
meeting,meeting
adenomas,Adenoma
dialogue,dialogue
determination,analysis
systematic,systematic
handling,Handling (Psychology)
uncertain,uncertain
reliable,reliable
sexuality,Sexuality
evaluating,evaluating
guide,guide
ami,ami
agitation,agitation
exudative,exudative
increased,increased
confirms,confirms
baseline,baseline
migraine,Migraine Disorders
elevated,elevated
ray,ray
higher,higher
development,growth & development
literature,Literature
fatty,fatty
budesonide,Budesonide
restraint,restraint
overweight,Overweight
levels,levels
appreciable,appreciable
recent,recent
lower,lower
abnormality,abnormality
older,older
statins,Hydroxymethylglutaryl-CoA Reductase Inhibitors
analysis,analysis
systolic,systolic
landmark,landmark
organization,organization
prevention,prevention & control
breastfeeding,Breast Feeding
tolerability,tolerability
ldl,ldl
useful,useful
alternative,alternative
flares,flares
recommended,recommended
source,source
difficile,difficile
parents,Parents
relevance,relevance
clamping,Constriction
associations,Association
evaluate,evaluate
showing,showing
modifications,modifications
excluding,excluding
consensus,Consensus
individuals,individuals
indication,indication
rheumatoid,rheumatoid
essential,essential
methods,methods
metabolic,metabolic
ulcers,Ulcer
back,Back
gradually,gradually
scale,scale
contacts,contacts
aerobic,aerobic
affects,Affect
decision,decision
exceeding,exceeding
per,per
patient,Patients
confidence,confidence
colonization,colonization
bp,bp
relating,relating
optimize,optimize
vaccine,vaccine
entailed,entailed
reduced,reduced
range,range
replacement,replacement
nortriptyline,Nortriptyline
within,within
appropriate,appropriate
primarily,primarily
genital,genital
contributor,contributor
proportional,proportional
nonunion,nonunion
msm,msm
long,long
infected,infected
trainees,trainees
subjectively,subjectively
quiescent,quiescent
newer,newer
bDIGIT,bDIGIT
adults,Adult
injection,Injections
considerable,considerable
psychosis,Psychotic Disorders
ascertainable,ascertainable
heterogeneous,heterogeneous
similar,similar
alarm,alarm
associated,associated
attenuating,attenuating
interventions,interventions
defined,defined
influence,influence
concealment,concealment
kidney,Kidney
amounts,amounts
analgesics,Analgesics
adnexa,adnexa
saffron,Crocus
adjuvant,adjuvant
users,users
viral,viral
problems,problems
allowing,allowing
suppression,suppression
quadrivalent,quadrivalent
implies,implies
age,age
required,required
ascertained,ascertained
carrying,Lifting
partial,partial
gp,gp
antipsoriatic,antipsoriatic
results,results
gl,gl
young,young
intensive,intensive
stable,stable
fatal,fatal
confirmation,confirmation
continues,continues
neuroma,Neuroma
phenotypes,Phenotype
electron,Electrons
telling,telling
continued,continued
fewer,fewer
obesity,Obesity
concluded,concluded
dilute,dilute
androgenic,androgenic
replicated,replicated
acid,acid
depression,Depression
index,index
carvedilol,carvedilol
plays,Play and Playthings
sweats,Sweat
habituation,habituation
exercise,Exercise
delivering,delivering
explore,explore
focused,focused
making,making
consideration,consideration
great,great
cts,cts
larger,larger
suggests,suggests
resulting,resulting
insulin,Insulin
radicular,radicular
scania,scania
outcomes,outcomes
addressed,addressed
decrease,decrease
motor,motor
limb,Extremities
causal,causal
usg,usg
bhr,bhr
use,utilization
chd,chd
consumption,Economics
examination,examination
doubling,doubling
started,started
infection,Infection
sore,sore
transient,Transients and Migrants
women,Women
resection,resection
animals,Animals
reducing,reducing
needle,Needles
inhibitor,inhibitor
rehabilitation,rehabilitation
control,prevention & control
providers,providers
pelvic,pelvic
readmissions,readmissions
high,high
effectively,effectively
educational,educational
syndrome,Syndrome
six,six
prognosis,Prognosis
toddler,toddler
profile,profile
maternal,maternal
tied,tied
discomfort,discomfort
abuse,abuse
fatigue,Fatigue
preferred,preferred
demonstrating,demonstrating
intraepithelial,intraepithelial
correspond,correspond
healthcare,Delivery of Health Care
locomotor,locomotor
serotonergic,serotonergic
bedwetting,Nocturnal Enuresis
including,including
looks,looks
operative,operative
superior,superior
hbaDIGITc,hbaDIGITc
antipsychotic,antipsychotic
bioflavonoids,Flavonoids
temporal,temporal
hypothesize,hypothesize
labor,labor
histological,histological
<,<
greater,greater
auto,auto
practice,practice
impaired,impaired
day,day
undertaking,Mortuary Practice
countries,countries
cmDIGIT,cmDIGIT
identified,identified
sufficiently,sufficiently
mode,mode
lung,Lung
recommend,recommend
dyslipidemia,Dyslipidemias
related,related
deficiency,deficiency
meta,meta
measure,Weights and Measures
statin,statin
corticosteroids,Adrenal Cortex Hormones
cardiometabolic,cardiometabolic
asthmatic,asthmatic
induction,induction
ecg,Electrocardiography
recommendations,recommendations
likelihood,likelihood
organ,organ
g,g
could,could
scars,Cicatrix
diminished,diminished
times,times
length,length
facilitate,facilitate
randomized,randomized
type,type
quality,quality
management,management
system,system
antiinflammatory,antiinflammatory
prolapse,Prolapse
painful,painful
alopecia,Alopecia
completed,completed
regards,regards
congenital,congenital
ureteral,ureteral
girdle,girdle
inversely,inversely
patients,Patients
assays,assays
chlorhexidine,Chlorhexidine
comfortable,comfortable
unlikely,unlikely
need,need
dementia,Dementia
clearly,clearly
bisoprolol,Bisoprolol
preterm,preterm
min,min
allergies,Hypersensitivity
mechanism,mechanism
adjunct,adjunct
interdigital,interdigital
concerns,concerns
persistence,persistence
accuracy,accuracy
unless,unless
preparations,preparations
preliminary,preliminary
achilles,achilles
segment,segment
sfa,sfa
atypical,atypical
disease,Disease
sd,supply & distribution
cohosh,cohosh
ho,ho
metaplasia,Metaplasia
supported,supported
DIGITc,DIGITc
synovial,synovial
dbt,dbt
highest,highest
based,based
knowledge,Knowledge
reactive,reactive
local,local
mortality,mortality
regularly,regularly
clopidogrel,clopidogrel
wishing,wishing
diagnosing,diagnosing
overall,Overall
neuroimaging,Neuroimaging
pathophysiology,physiopathology
beam,beam
nonfatal,nonfatal
timing,timing
entity,entity
procedures,procedures
dyspepsia,Dyspepsia
tobacco,Tobacco
belts,belts
h,h
hyperplastic,hyperplastic
fixed,fixed
gabapentin,gabapentin
predictive,predictive
national,national
methylprednisolone,Methylprednisolone
intensity,intensity
enhanced,enhanced
pattern,pattern
interventional,interventional
plmd,plmd
difficulties,difficulties
routine,routine
atlff,atlff
neither,neither
plms,plms
vasomotor,vasomotor
vitamin,Vitamins
infants,Infant
hypothesis,hypothesis
antisocial,antisocial
drug,drug
transplantation,transplantation
grain,grain
attributes,attributes
placebo,placebo
reactivity,reactivity
unclear,unclear
conclude,conclude
habitual,habitual
coexistence,coexistence
doxycycline,Doxycycline
heredity,heredity
gtn,gtn
rosiglitazone,rosiglitazone
chromium,Chromium
ct,contraindications
addition,addition
treat,treat
bbs,bbs
>,>
controlled,controlled
smoking,Smoking
present,present
plain,plain
pleiotropic,pleiotropic
examines,examines
thus,thus
vs,vs
copd,"Pulmonary Disease, Chronic Obstructive"
cohort,cohort
administration,Organization and Administration
cross,cross
coronary,coronary
adverse,adverse
infarction,Infarction
difficult,difficult
phk,phk
reporting,reporting
effect,effect
blockers,blockers
compared,compared
dust,Dust
diabetes,diabetes
lupus,lupus
well,well
patterns,patterns
position,position
muscle,Muscles
subgroup,subgroup
gastritis,Gastritis
accurate,accurate
obtain,obtain
dose,dose
underlying,underlying
spirometry,Spirometry
predicts,predicts
duodenal,duodenal
density,density
absorption,Absorption
valacyclovir,valacyclovir
rcts,rcts
wet,wet
usage,usage
prednisolone,Prednisolone
definitive,definitive
otitis,Otitis
increases,increases
five,five
epidemic,Epidemics
facial,facial
atrophy,Atrophy
loss,loss
helpful,helpful
success,success
controlling,controlling
tfgs,tfgs
sized,sized
soft,soft
therapeutic,Therapeutics
opioid,opioid
nonuse,nonuse
recommendation,recommendation
home,home
homa,homa
lead,Lead
demonstrates,demonstrates
avoid,avoid
markers,markers
sustain,sustain
mutation,Mutation
economical,economical
demonstrated,demonstrated
limitations,limitations
lipid,lipid
histologic,histologic
pressure,Pressure
although,although
abdominal,abdominal
analyses,analyses
stage,stage
lifestyle,Life Style
testosterone,Testosterone
insufficient,insufficient
tongue,Tongue
equally,equally
warrants,warrants
stratification,stratification
functional,functional
chronic,chronic
promise,promise
female,Female
prehypertension,Prehypertension
additional,additional
adolescent,Adolescent
immunotherapy,Immunotherapy
sequelae,complications
function,physiology
erythematosus,erythematosus
stomatitis,Stomatitis
triggered,triggered
rhythmicity,Periodicity
ht,ht
intracranial,intracranial
lowered,lowered
goals,Goals
ear,Ear
hf,hf
hg,hg
partially,partially
also,also
made,made
antiplatelet,antiplatelet
whether,whether
placed,placed
frequency,epidemiology
limit,limit
neurophysiological,neurophysiological
demonstrate,demonstrate
distribution,supply & distribution
minutes,minutes
deaths,deaths
sectional,sectional
kenalog,Triamcinolone Acetonide
exogenous,exogenous
education,education
anesthesia,Anesthesia
morton,morton
improving,improving
pennsaid,pennsaid
trials,trials
hpv,hpv
revascularization,revascularization
predominant,predominant
conclusion,conclusion
nsaid,"Anti-Inflammatory Agents, Non-Steroidal"
chance,chance
lability,lability
exposure,exposure
pharmacologic,pharmacologic
contraceptive,contraceptive
coupling,coupling
resolution,resolution
persistent,persistent
rule,rule
diagnosis,diagnosis
ischaemic,ischaemic
limited,limited
embolism,Embolism
excellent,excellent
alternatives,alternatives
resistance,resistance
obstruction,obstruction
mild,mild
nursery,Nurseries
smoking,Smoking
follow,follow
toenail,Nails
children,Child
issues,issues
postprandial,postprandial
feeding,feeding
disorders,disorders
passage,passage
intensive,intensive
prolonging,prolonging
articular,articular
heterogeneity,heterogeneity
division,division
woman,Women
assay,analysis
risk,Risk
yeast,Yeasts
glycemic,glycemic
results,results
pcos,pcos
symptomatic,symptomatic
affect,Affect
treating,treating
triggers,triggers
school,Schools
pooled,pooled
opioids,"Analgesics, Opioid"
level,level
evaluation,Evaluation Studies as Topic
large,large
p,p
persisted,persisted
cholesterol,Cholesterol
small,small
obesity,Obesity
shows,shows
programme,programme
frenotomy,frenotomy
application,application
smaller,smaller
findings,diagnosis
trend,trend
among,among
direct,direct
second,secondary
design,design
insertion,insertion
sciatica,Sciatica
promotes,promotes
expressive,expressive
depression,Depression
established,established
clinicians,clinicians
rate,rate
selected,selected
favour,favour
current,current
consistently,consistently
worrisome,worrisome
new,new
toenails,Nails
epidural,epidural
body,body
degree,degree
men,Men
ulceration,ulceration
following,following
healing,healing
groups,groups
relaxation,Relaxation
alone,alone
consideration,consideration
diagnostic,diagnostic
appears,appears
change,change
respiration,Respiration
healthy,healthy
study,study
studied,studied
hba,Hemoglobin A
terbinafine,terbinafine
reports,Research Report
trial,trial
insulin,Insulin
cessation,cessation
studies,studies
options,options
headache,Headache
useful,useful
generalizability,generalizability
outcomes,outcomes
decrease,decrease
establish,establish
causal,causal
use,utilization
positive,positive
dysfunction,physiopathology
two,two
examination,examination
depressive,depressive
menopausal,menopausal
's,'s
achieving,achieving
successful,successful
stone,stone
infection,Infection
varying,varying
baby,baby
rare,rare
effort,effort
women,Women
sample,sample
mg,mg
include,include
hour,hour
believed,believed
inhibitor,inhibitor
spontaneous,spontaneous
history,history
control,prevention & control
diabetic,diabetic
indicated,indicated
hemoglobin,Hemoglobins
pelvic,pelvic
high,high
spironolactone,Spironolactone
stroke,Stroke
performed,performed
atorvastatin,Atorvastatin Calcium
counseling,Counseling
curcumin,Curcumin
sprains,Sprains and Strains
influenced,influenced
recovery,recovery
provide,provide
endoscopy,Endoscopy
serum,Serum
strikingly,strikingly
prognosis,Prognosis
lesions,lesions
survivors,Survivors
optimal,optimal
axis,axis
postmatch,postmatch
maternal,maternal
may,may
advice,advice
hazard,hazard
modest,modest
fatigue,Fatigue
blood,blood
improving,improving
ties,ties
choice,choice
data,data
response,response
types,types
baseline,baseline
short,short
effective,effective
heptavalent,heptavalent
inform,inform
used,used
dhf,dhf
six,six
glycated,glycated
toward,toward
vary,vary
definitive,definitive
years,years
including,including
surveillance,epidemiology
cardiovascular,cardiovascular
superior,superior
sinus,sinus
group,group
antipsychotic,antipsychotic
propensity,propensity
susceptible,susceptible
suboptimal,suboptimal
better,better
pharmacotherapy,pharmacotherapy
acupuncture,Acupuncture
speech,Speech
might,might
syndromes,Syndrome
versus,versus
physicians,Physicians
non,non
within,within
greater,greater
rising,rising
safe,safe
perceived,perceived
number,number
warranted,warranted
therapy,therapy
effects,effects
compound,compound
impaired,impaired
silver,Silver
association,Association
matched,matched
term,term
troponin,Troponin
pregnant,pregnant
settings,settings
good,good
found,found
interfering,interfering
side,side
lasting,lasting
profile,profile
significantly,significantly
weight,weight
reduce,reduce
idea,idea
dyslipidemic,dyslipidemic
frequency,epidemiology
famciclovir,famciclovir
year,year
statin,statin
beyond,beyond
sexual,sexual
myocardial,myocardial
shown,shown
medications,medications
','
factors,factors
furthermore,furthermore
since,since
pravastatin,Pravastatin
biometrical,biometrical
research,Research
behaviours,behaviours
safety,Safety
receiving,receiving
rh,rehabilitation
red,red
common,common
confidence,confidence
possibility,possibility
standard,standard
poses,poses
clarify,clarify
reason,reason
formation,formation
airway,airway
inadequately,inadequately
care,care
longitudinal,longitudinal
training,education
benefits,benefits
language,Language
labialis,labialis
could,could
silymarin,Silymarin
days,days
disturbed,disturbed
smokers,smokers
lactation,Lactation
undergo,undergo
chronic,chronic
frequent,frequent
first,first
blind,blind
prospective,prospective
major,major
features,features
surviving,surviving
primary,primary
one,one
randomized,randomized
quality,quality
size,size
little,little
introduction,introduction
prostate,Prostate
approximately,approximately
needed,needed
rates,rates
hirsutism,Hirsutism
ankle,Ankle
peripheral,peripheral
recovered,recovered
gps,gps
option,option
enhancing,enhancing
fasting,Fasting
tool,tool
needle,Needles
prediction,prediction
neonate,"Infant, Newborn"
population,Population
observed,observed
hyperplasia,Hyperplasia
ureteral,ureteral
third,third
showed,showed
double,double
likely,likely
hyperlipidemia,Hyperlipidemias
patients,Patients
determined,determined
guilt,Guilt
historical,historical
outcome,outcome
treated,treated
addressing,addressing
remained,remained
conjugate,conjugate
need,need
seem,seem
aged,Aged
apparently,apparently
surgery,surgery
relatively,relatively
acid,acid
date,date
self,Ego
onset,onset
majority,majority
chest,Thorax
without,without
objective,objective
effectiveness,effectiveness
play,Play and Playthings
experienced,experienced
multiple,multiple
ordinated,ordinated
inference,inference
normal,normal
incidence,incidence
significant,significant
preliminary,preliminary
assessed,assessed
phonological,phonological
prostatic,prostatic
potency,potency
especially,especially
considered,considered
medical,medical
atypical,atypical
infections,Infection
disease,Disease
misdiagnosis,Diagnostic Errors
stones,stones
particularly,particularly
show,show
syntax,syntax
DIGITc,DIGITc
relation,relation
inconsistent,inconsistent
ulcer,Ulcer
aggressive,aggressive
occupation,Occupations
promote,promote
ratio,ratio
reactive,reactive
difficulties,difficulties
screening,screening
molecules,molecules
rice,Oryza
local,local
rosuvastatin,Rosuvastatin Calcium
mortality,mortality
niddm,"Diabetes Mellitus, Type 2"
dependent,dependent
displayed,displayed
overall,Overall
breast,Breast
aaa,aaa
ldl,ldl
aes,aes
increasing,increasing
introduced,introduced
h,h
corticotropic,corticotropic
investigate,investigate
spirometric,spirometric
predicted,predicted
activity,activity
injections,Injections
achieved,achieved
sensitivity,Sensitivity and Specificity
testing,testing
aphthous,aphthous
myalgia,Myalgia
relative,relative
demented,demented
result,result
enhanced,enhanced
mediators,mediators
fail,fail
nud,nud
techniques,methods
chronically,chronically
comorbidity,Comorbidity
subsequent,subsequent
review,Review
currently,currently
pressures,Pressure
score,score
occupational,occupational
numerous,numerous
available,available
vasomotor,vasomotor
comparable,comparable
targeted,targeted
screen,screen
supports,supports
death,Death
key,key
rapidly,rapidly
multivariable,multivariable
cervical,cervical
c,c
referral,Referral and Consultation
prescription,Prescriptions
reported,reported
epidemics,epidemics
cox,cox
taking,taking
conclusions,conclusions
according,according
drug,drug
sensitive,sensitive
improves,improves
context,context
placebo,placebo
physiologic,physiologic
suggest,suggest
inflammatory,inflammatory
co,complications
provocation,provocation
cancer,Neoplasms
simple,simple
antioxidant,antioxidant
doxycycline,Doxycycline
maintained,maintained
medication,medication
anti,anti
decreases,decreases
pregnancy,Pregnancy
ae,adverse effects
pulmonary,pulmonary
expensive,expensive
ct,contraindications
symptoms,diagnosis
recur,recur
instrument,instrument
mounting,mounting
exert,exert
three,three
shortening,shortening
basis,basis
reduction,reduction
much,much
combined,combined
judging,judging
expected,expected
glucose,Glucose
location,location
flavonoid,flavonoid
life,Life
controlled,controlled
hospitalization,Hospitalization
efficacy,efficacy
drugs,Pharmaceutical Preparations
designed,designed
bmi,bmi
child,Child
improved,improved
careful,careful
present,present
hypogonadism,Hypogonadism
consultant,Consultants
ejection,ejection
tolerate,tolerate
evaluated,evaluated
n,n
sometimes,sometimes
pace,pace
teachers,teachers
balance,balance
pneumococcal,pneumococcal
vs,vs
commonly,commonly
protein,protein
antidepressants,Antidepressive Agents
cohort,cohort
different,different
develop,develop
severity,severity
migraine,Migraine Disorders
media,media
administration,Organization and Administration
elevated,elevated
clearly,clearly
adverse,adverse
potentially,potentially
arguments,arguments
infarction,Infarction
several,several
confronting,confronting
events,events
day,day
higher,higher
independent,independent
investigated,investigated
equalizing,equalizing
pylori,pylori
assessment,assessment
effect,effect
persons,Persons
levels,levels
minocycline,Minocycline
tolac,tolac
onychomycosis,Onychomycosis
diabetes,diabetes
prescribed,prescribed
weakly,weakly
glibenclamide,Glyburide
statins,Hydroxymethylglutaryl-CoA Reductase Inhibitors
well,well
analysis,analysis
severe,severe
contact,contact
relief,relief
mother,Mothers
breastfeeding,Breast Feeding
protocol,protocol
less,less
tolerability,tolerability
half,half
dose,dose
assigned,assigned
sources,sources
identify,identify
human,Humans
regardless,regardless
yet,yet
previous,previous
adjunct,adjunct
superficial,superficial
rapid,rapid
unable,unable
also,also
admission,admission
improvement,improvement
source,source
subjects,subjects
treatment,treatment
rcts,rcts
circumcision,circumcision
plasma,Plasma
aspects,aspects
increased,increased
loss,loss
otitis,Otitis
evaluate,evaluate
survival,survival
early,early
inhibition,Inhibition (Psychology)
five,five
using,using
highly,highly
advanced,advanced
occurring,occurring
acute,acute
success,success
sizes,sizes
future,Forecasting
reasons,reasons
continue,continue
index,index
either,either
reduced,reduced
therapeutic,Therapeutics
methods,methods
postprandially,postprandially
benign,benign
prophylactically,prophylactically
pain,Pain
adjuncts,adjuncts
users,users
measurable,measurable
scale,scale
broad,broad
tube,tube
conservative,conservative
contrast,contrast
inflammation,Inflammation
nitrate,nitrate
moderate,moderate
demonstrated,demonstrated
presented,presented
measures,Weights and Measures
patient,Patients
pose,pose
fed,fed
pressure,Pressure
although,although
instability,instability
herpes,herpes
vaccine,vaccine
comparison,comparison
DIGIT,DIGIT
lifestyle,Life Style
testosterone,Testosterone
ace,ace
exacerbation,exacerbation
based,based
sprain,Sprains and Strains
range,range
mixed,mixed
insufficient,insufficient
tongue,Tongue
italian,italian
slightly,slightly
followed,followed
previously,previously
skilled,skilled
stratification,stratification
due,due
assess,assess
ultrasound,diagnostic imaging
lung,Lung
determine,determine
reducing,reducing
intervention,intervention
elastic,elastic
sodium,Sodium
support,support
initial,initial
long,long
clinical,clinical
low,low
fraction,fraction
resulted,resulted
naturally,naturally
function,physiology
head,Head
complete,complete
subjective,subjective
posterior,posterior
related,related
bDIGIT,bDIGIT
sustained,sustained
injection,Injections
highest,highest
hf,hf
regimen,regimen
whether,whether
type,type
receptive,receptive
complications,complications
infants,Infant
demonstrate,demonstrate
>,>
similar,similar
average,average
strongly,strongly
tricyclic,tricyclic
associated,associated
adults,Adult
interventions,interventions
cortivazol,cortivazol
tissues,Tissues
evidence,evidence
consumed,consumed
single,single
cure,cure
hypertension,Hypertension
nns,nns
intra,intra
physical,physical
compared,compared
eventual,eventual
amounts,amounts
trials,trials
adjuvant,adjuvant
role,Role
tie,tie
simvastatin,Simvastatin
conclusion,conclusion
poor,poor
elements,Elements
nsaid,"Anti-Inflammatory Agents, Non-Steroidal"
gravida,gravida
vocabulary,Vocabulary
separate,separate
attributed,attributed
diet,Diet
valproate,Valproic Acid
important,important
suppression,suppression
included,included
discharge,discharge
exposure,exposure
cpk,cpk
insertions,insertions
faster,faster
age,age
interval,interval
mass,mass
diagnosis,diagnosis
time,Time
paced,paced
